data,ano,mes,nome_mes,cidade,regiao,latitude,longitude,temp_max,temp_min,temp_media,umidade_pct,chuva_mm,vento_kmh,pressao_hpa
2021-07-01,2021,7,Julho,Brasília,Centro-Oeste,-15.78,-47.93,21.9,11.9,16.9,57.4,105.3,9.1,1009.6
2022-10-01,2022,10,Outubro,Brasília,Centro-Oeste,-15.78,-47.93,20.7,10.4,15.6,74.1,85.6,24.3,1023.3
2020-11-01,2020,11,Novembro,Natal,Nordeste,-5.79,-35.21,23.1,11.5,17.3,53.9,43.75,21.9,1010.7
2024-02-01,2024,2,Fevereiro,Manaus,Norte,-3.1,-60.02,31.1,22.0,26.6,85.6,229.1,21.8,1018.8
2022-08-01,2022,8,Agosto,Florianópolis,Sul,-27.6,-48.55,23.7,11.9,17.8,82.7,110.7,30.9,1011.0
2020-07-01,2020,7,Julho,Maceió,Nordeste,-9.67,-35.74,27.7,21.1,24.4,63.5,182.7,8.1,1012.3
2020-09-01,2020,9,Setembro,Teresina,Nordeste,-5.09,-42.8,24.4,13.3,18.8,53.9,0.0,19.7,1008.9
2023-05-01,2023,5,Maio,São Paulo,Sudeste,-23.55,-46.63,21.2,9.3,15.2,73.7,188.3,24.4,1018.0
2021-07-01,2021,7,Julho,Belém,Norte,-1.45,-48.5,26.1,19.9,23.0,77.3,402.1,7.0,1007.5
2022-03-01,2022,3,Março,Maceió,Nordeste,-9.67,-35.74,30.0,21.2,25.6,69.4,136.9,19.1,1009.8
2022-07-01,2022,7,Julho,Macapá,Norte,0.03,-51.07,26.8,12.9,18.6,77.1,328.2,14.3,1020.7
2020-05-01,2020,5,Maio,Macapá,Norte,0.03,-51.07,29.5,20.4,25.0,90.7,296.2,26.2,1013.8
2020-06-01,2020,6,Junho,Maceió,Nordeste,-9.67,-35.74,29.1,18.4,23.8,65.7,192.9,25.7,1010.8
2022-08-01,2022,8,Agosto,São Luís,Nordeste,-2.53,-44.3,26.7,18.7,22.7,59.5,175.8,27.1,1011.4
2022-02-01,2022,2,Fevereiro,Vitória,Sudeste,-20.32,-40.34,27.8,16.9,22.4,87.3,92.4,27.9,1014.4
2023-12-01,2023,12,Dezembro,Cuiabá,Centro-Oeste,-15.6,-56.1,22.9,14.3,22.4,63.4,45.9,22.8,1008.7
2024-03-01,2024,3,Março,Cuiabá,Centro-Oeste,-15.6,-56.1,28.5,17.6,23.0,66.9,161.4,29.5,1016.3
2020-11-01,2020,11,Novembro,Goiânia,Centro-Oeste,-16.69,-49.26,22.2,10.6,16.4,78.7,80.8,28.3,1015.3
2021-04-01,2021,4,Abril,Florianópolis,Sul,-27.6,-48.55,16.2,4.6,10.4,87.3,86.2,14.6,1011.3
2023-11-01,2023,11,Novembro,Fortaleza,Nordeste,-3.72,-38.54,28.6,19.0,23.8,55.0,46.9,17.2,1006.4
2020-04-01,2020,4,Abril,São Paulo,Sudeste,-23.55,-46.63,22.9,13.3,18.1,74.6,162.6,25.3,1005.4
2023-10-01,2023,10,Outubro,Brasília,Centro-Oeste,-15.78,-47.93,44.5,11.4,15.4,73.4,133.8,11.6,1024.0
2024-02-01,2024,2,Fevereiro,Porto Alegre,Sul,-30.03,-51.23,16.7,5.6,11.1,73.2,98.2,7.2,1018.2
2021-06-01,2021,6,Junho,Vitória,Sudeste,-20.32,-40.34,25.2,15.4,20.3,69.8,126.0,15.3,1014.3
2021-11-01,2021,11,Novembro,Curitiba,Sul,-25.43,-49.27,19.8,10.7,15.2,86.0,110.5,23.0,1010.2
2021-10-01,2021,10,Outubro,Goiânia,Centro-Oeste,-16.69,-49.26,24.2,18.2,21.2,73.3,146.3,18.1,1010.6
2022-11-01,2022,11,Novembro,Goiânia,Centro-Oeste,-16.69,-49.26,22.8,16.2,19.5,71.9,100.6,30.0,1012.6
2024-04-01,2024,4,Abril,Florianópolis,Sul,-27.6,-48.55,16.4,4.5,10.4,86.1,29.9,21.5,1023.1
2023-06-01,2023,6,Junho,Macapá,Norte,0.03,-51.07,26.3,18.8,22.6,85.6,299.0,29.8,1018.1
2020-01-01,2020,1,Janeiro,São Luís,Nordeste,-2.53,-44.3,26.8,16.7,21.8,59.5,123.2,28.5,1016.5
2024-10-01,2024,10,Outubro,Curitiba,Sul,-25.43,-49.27,20.2,8.7,14.4,86.0,76.0,15.9,1019.1
2023-09-01,2023,9,Setembro,Teresina,Nordeste,-5.09,-42.8,27.8,21.4,24.6,52.5,96.1,34.9,1013.9
2024-02-01,2024,2,Fevereiro,Cuiabá,Centro-Oeste,-15.6,-56.1,25.4,17.2,21.3,71.9,125.9,32.5,1020.7
2022-10-01,2022,10,Outubro,São Luís,Nordeste,-2.53,-44.3,24.0,14.7,19.4,57.1,113.4,30.5,1014.9
2021-05-01,2021,5,Maio,Belém,Norte,-1.45,-48.5,25.1,13.6,25.3,79.7,357.4,24.0,1003.8
2021-10-01,2021,10,Outubro,Fortaleza,Nordeste,-3.72,-38.54,23.9,16.1,20.0,61.9,50.7,7.9,1018.2
2023-06-01,2023,6,Junho,Belém,Norte,-1.45,-48.5,28.6,19.0,23.8,72.4,306.8,31.3,1013.8
2023-01-01,2023,1,Janeiro,Vitória,Sudeste,-20.32,-40.34,22.0,14.3,18.2,68.5,80.9,6.9,1014.6
2021-02-01,2021,2,Fevereiro,Maceió,Nordeste,-9.67,-35.74,27.6,18.0,22.8,65.9,89.3,30.2,1016.4
2021-03-01,2021,3,Março,Teresina,Nordeste,-5.09,-42.8,33.5,27.2,30.4,44.1,61.5,14.0,1020.4
2022-10-01,2022,10,Outubro,Belo Horizonte,Sudeste,-19.92,-43.94,18.3,8.8,13.6,75.6,111.4,33.5,1017.4
2022-09-01,2022,9,Setembro,Porto Alegre,Sul,-30.03,-51.23,20.5,11.4,18.3,82.9,110.6,33.3,1011.7
2020-07-01,2020,7,Julho,Brasília,Centro-Oeste,-15.78,-47.93,21.6,12.6,17.1,69.5,127.3,27.8,1013.8
2020-08-01,2020,8,Agosto,Fortaleza,Nordeste,-3.72,-38.54,25.8,18.9,22.4,51.7,114.9,33.1,1015.8
2023-09-01,2023,9,Setembro,Manaus,Norte,-3.1,-60.02,26.6,20.3,23.5,85.9,246.7,23.6,1017.9
2021-06-01,2021,6,Junho,Maceió,Nordeste,-9.67,-35.74,30.8,20.6,25.7,63.0,224.5,32.5,1021.0
2020-04-01,2020,4,Abril,Belém,Norte,-1.45,-48.5,30.5,23.6,27.0,71.7,389.5,6.6,1004.9
2021-06-01,2021,6,Junho,Belo Horizonte,Sudeste,-19.92,-43.94,25.4,18.3,21.8,67.1,226.8,14.4,1016.6
2024-04-01,2024,4,Abril,Manaus,Norte,-3.1,-60.02,29.6,20.5,25.0,88.6,261.4,23.7,1019.7
2020-03-01,2020,3,Março,São Luís,Nordeste,-2.53,-44.3,31.8,23.4,27.6,67.1,127.8,19.3,1016.5
2020-09-01,2020,9,Setembro,São Luís,Nordeste,-2.53,-44.3,23.7,17.7,20.7,58.0,158.6,8.6,1015.6
2024-05-01,2024,5,Maio,Belo Horizonte,Sudeste,-19.92,-43.94,21.2,11.5,16.4,65.0,165.3,24.0,1019.7
2021-07-01,2021,7,Julho,Florianópolis,Sul,-27.6,-48.55,19.9,11.2,15.6,85.7,87.0,12.0,1016.3
2023-07-01,2023,7,Julho,São Luís,Nordeste,-2.53,-44.3,28.6,16.9,22.8,68.8,212.5,16.8,1011.7
2023-04-01,2023,4,Abril,Vitória,Sudeste,-20.32,-40.34,23.3,15.7,19.5,78.9,170.7,11.4,1014.7
2024-04-01,2024,4,Abril,Macapá,Norte,0.03,-51.07,30.9,24.8,27.8,82.55,300.1,24.0,1003.7
2022-02-01,2022,2,Fevereiro,Fortaleza,Nordeste,-3.72,-38.54,28.8,20.8,24.8,53.1,75.2,21.3,1009.2
2020-06-01,2020,6,Junho,Salvador,Nordeste,-12.97,-38.51,29.0,18.3,23.6,66.7,216.3,8.2,1007.4
2024-11-01,2024,11,Novembro,Brasília,Centro-Oeste,-15.78,-47.93,20.2,13.6,16.9,65.9,82.9,14.7,1010.6
2023-07-01,2023,7,Julho,Recife,Nordeste,-8.05,-34.88,27.6,17.4,22.5,65.4,236.8,33.3,1002.8
2020-08-01,2020,8,Agosto,Rio de Janeiro,Sudeste,-22.91,-43.17,22.1,14.3,18.2,78.3,113.0,29.0,1012.6
2021-03-01,2021,3,Março,Rio de Janeiro,Sudeste,-22.91,-43.17,26.0,17.6,21.8,70.2,80.4,28.9,1016.7
2021-03-01,2021,3,Março,Belo Horizonte,Sudeste,-19.92,-43.94,22.5,11.5,17.0,55.9,124.2,5.5,1017.5
2022-07-01,2022,7,Julho,Belo Horizonte,Sudeste,-19.92,-43.94,20.5,14.3,17.4,75.3,123.8,7.0,1015.0
2022-09-01,2022,9,Setembro,Cuiabá,Centro-Oeste,-15.6,-56.1,25.6,17.9,21.8,63.7,167.9,28.8,1015.1
2024-05-01,2024,5,Maio,Vitória,Sudeste,-20.32,-40.34,26.0,16.0,21.0,71.4,184.1,25.5,1024.6
2020-10-01,2020,10,Outubro,Recife,Nordeste,-8.05,-34.88,25.9,19.9,22.9,65.2,197.5,14.1,1007.1
2024-11-01,2024,11,Novembro,Vitória,Sudeste,-20.32,-40.34,23.0,13.1,18.0,73.7,86.7,27.1,1007.8
2023-09-01,2023,9,Setembro,Florianópolis,Sul,-27.6,-48.55,22.9,11.6,17.2,79.6,38.6,6.4,1018.1
2023-09-01,2023,9,Setembro,Recife,Nordeste,-8.05,-34.88,26.0,15.3,20.6,58.4,161.8,12.4,1021.0
2022-11-01,2022,11,Novembro,Porto Alegre,Sul,-30.03,-51.23,22.1,12.3,17.2,73.6,103.2,33.8,1015.9
2022-08-01,2022,8,Agosto,Natal,Nordeste,-5.79,-35.21,23.0,12.5,17.8,63.0,131.4,6.2,1016.1
2022-01-01,2022,1,Janeiro,Curitiba,Sul,-25.43,-49.27,15.6,8.8,12.2,87.3,135.2,13.9,1009.5
2023-01-01,2023,1,Janeiro,Florianópolis,Sul,-27.6,-48.55,20.8,11.5,16.2,79.7,117.8,22.9,1007.4
2024-08-01,2024,8,Agosto,Maceió,Nordeste,-9.67,-35.74,25.4,13.7,19.5,68.1,232.5,21.3,1015.8
2022-03-01,2022,3,Março,Curitiba,Sul,-25.43,-49.27,13.6,4.7,9.2,77.9,125.2,11.9,1008.0
2020-06-01,2020,6,Junho,Belém,Norte,-1.45,-48.5,28.8,17.2,23.0,77.0,346.6,30.3,1020.9
2020-08-01,2020,8,Agosto,São Luís,Nordeste,-2.53,-44.3,6.1,19.8,23.0,56.6,212.1,27.4,1015.7
2022-03-01,2022,3,Março,Natal,Nordeste,-5.79,-35.21,30.1,20.4,25.2,48.0,87.0,24.5,1010.6
2023-04-01,2023,4,Abril,Cuiabá,Centro-Oeste,-15.6,-56.1,28.9,18.5,23.7,64.9,161.9,28.8,1009.7
2024-11-01,2024,11,Novembro,Manaus,Norte,-3.1,-60.02,27.9,17.2,22.5,89.4,178.7,21.1,1013.0
2021-06-01,2021,6,Junho,Salvador,Nordeste,-12.97,-38.51,27.1,20.3,23.7,53.0,210.0,7.6,1014.6
2023-12-01,2023,12,Dezembro,Goiânia,Centro-Oeste,-16.69,-49.26,22.9,11.3,17.1,70.3,65.8,15.0,1016.5
2021-01-01,2021,1,Janeiro,Macapá,Norte,0.03,-51.07,28.8,18.5,23.6,97.9,190.8,30.7,1016.0
2021-12-01,2021,12,Dezembro,Manaus,Norte,-3.1,-60.02,25.6,18.6,22.1,89.3,219.3,25.9,1013.5
2023-10-01,2023,10,Outubro,Belo Horizonte,Sudeste,-19.92,-43.94,20.3,9.1,14.7,73.1,110.6,17.9,1018.2
2023-08-01,2023,8,Agosto,Manaus,Norte,-3.1,-60.02,26.6,20.2,23.4,85.1,290.2,20.7,1013.3
2024-06-01,2024,6,Junho,Macapá,Norte,0.03,-51.07,27.8,20.0,23.9,90.1,297.9,5.7,1009.5
2021-10-01,2021,10,Outubro,Florianópolis,Sul,-27.6,-48.55,23.8,17.0,20.4,89.8,180.5,30.7,1018.0
2023-05-01,2023,5,Maio,Macapá,Norte,0.03,-51.07,29.2,22.7,26.0,85.8,272.8,5.9,1014.6
2021-10-01,2021,10,Outubro,Teresina,Nordeste,-5.09,-42.8,26.3,14.8,20.6,58.0,13.2,33.4,1014.3
2022-08-01,2022,8,Agosto,Recife,Nordeste,-8.05,-34.88,24.4,14.4,19.4,63.3,222.0,8.7,1012.1
2022-05-01,2022,5,Maio,Natal,Nordeste,-5.79,-35.21,29.2,19.8,24.5,55.6,119.1,11.9,1014.9
2021-10-01,2021,10,Outubro,São Paulo,Sudeste,-23.55,-46.63,13.1,1.9,7.5,70.8,171.0,19.1,1015.1
2021-03-01,2021,3,Março,Vitória,Sudeste,-20.32,-40.34,26.4,14.5,20.4,76.7,107.1,23.4,1023.0
2020-11-01,2020,11,Novembro,São Luís,Nordeste,-2.53,-44.3,25.7,14.9,20.3,57.7,114.2,25.3,1003.2
2024-11-01,2024,11,Novembro,Fortaleza,Nordeste,-3.72,-38.54,26.3,16.4,21.4,54.0,0.0,27.3,1012.6
2020-02-01,2020,2,Fevereiro,Brasília,Centro-Oeste,-15.78,-47.93,23.2,15.0,19.1,63.8,66.9,17.9,1014.7
2024-04-01,2024,4,Abril,Goiânia,Centro-Oeste,-16.69,-49.26,28.8,21.9,25.4,60.8,139.3,33.7,1008.8
2023-02-01,2023,2,Fevereiro,Fortaleza,Nordeste,-3.72,-38.54,28.5,18.9,23.7,57.2,50.5,25.9,1009.4
2024-02-01,2024,2,Fevereiro,Belo Horizonte,Sudeste,-19.92,-43.94,22.7,11.9,17.3,67.1,105.0,21.0,1013.1
2021-02-01,2021,2,Fevereiro,Vitória,Sudeste,-20.32,-40.34,25.7,14.9,20.3,71.0,114.1,15.5,1016.7
2022-10-01,2022,10,Outubro,Vitória,Sudeste,-20.32,-40.34,20.3,10.3,15.3,68.6,134.7,9.7,1012.3
2021-03-01,2021,3,Março,Fortaleza,Nordeste,-3.72,-38.54,29.4,19.2,24.3,61.6,95.8,34.0,1012.4
2024-05-01,2024,5,Maio,Recife,Nordeste,-8.05,-34.88,31.0,24.7,27.8,57.5,127.3,14.5,1009.7
2024-04-01,2024,4,Abril,Brasília,Centro-Oeste,-15.78,-47.93,22.6,11.6,17.1,73.7,112.4,22.1,1013.2
2020-06-01,2020,6,Junho,São Luís,Nordeste,-2.53,-44.3,29.5,22.5,26.0,51.6,227.7,6.0,1006.7
2024-01-01,2024,1,Janeiro,Belo Horizonte,Sudeste,-19.92,-43.94,22.3,12.4,17.4,68.9,127.3,29.5,1011.5
2021-06-01,2021,6,Junho,Florianópolis,Sul,-27.6,-48.55,18.4,6.9,12.6,83.8,44.4,20.6,1011.2
2024-05-01,2024,5,Maio,Maceió,Nordeste,-9.67,-35.74,27.8,16.9,22.4,68.9,144.4,12.1,1015.1
2022-07-01,2022,7,Julho,Fortaleza,Nordeste,-3.72,-38.54,30.1,23.5,26.8,56.8,126.7,26.2,1027.6
2022-09-01,2022,9,Setembro,Manaus,Norte,-3.1,-60.02,24.7,16.5,20.6,85.7,251.8,30.7,1024.7
2021-08-01,2021,8,Agosto,Goiânia,Centro-Oeste,-16.69,-49.26,22.2,15.9,19.0,68.5,143.9,5.1,1016.6
2023-04-01,2023,4,Abril,Goiânia,Centro-Oeste,-16.69,-49.26,25.9,14.9,23.8,75.0,148.7,7.0,1018.6
2021-10-01,2021,10,Outubro,Vitória,Sudeste,-20.32,-40.34,19.3,11.9,15.6,80.0,99.5,34.7,1025.0
2021-10-01,2021,10,Outubro,Belém,Norte,-1.45,-48.5,22.7,16.1,19.4,83.6,278.4,30.7,1008.3
2023-11-01,2023,11,Novembro,Maceió,Nordeste,-9.67,-35.74,23.9,16.3,20.1,63.5,81.5,7.7,1018.8
2024-03-01,2024,3,Março,Salvador,Nordeste,-12.97,-38.51,29.0,21.1,25.0,60.1,195.3,23.3,1015.4
2021-01-01,2021,1,Janeiro,Teresina,Nordeste,-5.09,-42.8,31.1,23.9,27.5,40.4,4.3,31.2,1015.1
2021-07-01,2021,7,Julho,São Luís,Nordeste,-2.53,-44.3,27.8,21.5,24.6,62.1,213.1,33.4,1007.1
2020-04-01,2020,4,Abril,Cuiabá,Centro-Oeste,-15.6,-56.1,30.8,21.2,26.0,65.6,200.9,33.4,1012.8
2021-04-01,2021,4,Abril,Belo Horizonte,Sudeste,-19.92,-43.94,24.3,17.7,21.0,69.8,103.7,32.2,1009.5
2023-02-01,2023,2,Fevereiro,Campo Grande,Centro-Oeste,-20.44,-54.65,24.3,14.9,19.6,70.9,114.5,16.8,1010.9
2024-08-01,2024,8,Agosto,Belém,Norte,-1.45,-48.5,26.9,16.2,21.5,82.1,305.3,8.1,1010.1
2024-11-01,2024,11,Novembro,São Luís,Nordeste,-2.53,-44.3,25.4,18.4,21.9,62.1,109.3,20.1,1004.8
2023-10-01,2023,10,Outubro,Cuiabá,Centro-Oeste,-15.6,-56.1,23.1,11.7,17.4,64.0,101.6,6.6,1010.3
2023-12-01,2023,12,Dezembro,Maceió,Nordeste,-9.67,-35.74,24.9,18.5,21.7,69.2,109.8,19.9,1013.7
2024-12-01,2024,12,Dezembro,Cuiabá,Centro-Oeste,-15.6,-56.1,24.7,13.8,19.2,66.0,47.0,7.4,1016.0
2020-05-01,2020,5,Maio,Rio de Janeiro,Sudeste,-22.91,-43.17,26.8,15.8,21.3,70.9,162.0,16.5,1018.8
2022-10-01,2022,10,Outubro,São Paulo,Sudeste,-23.55,-46.63,16.5,7.5,12.9,70.6,156.2,7.3,1006.0
2023-03-01,2023,3,Março,Teresina,Nordeste,-5.09,-42.8,33.2,27.0,30.1,62.0,52.3,23.9,1004.9
2024-02-01,2024,2,Fevereiro,Salvador,Nordeste,-12.97,-38.51,26.7,20.5,23.6,65.6,107.3,8.8,1019.9
2022-05-01,2022,5,Maio,Florianópolis,Sul,-27.6,-48.55,19.2,10.0,14.6,87.4,65.8,26.1,1012.9
2024-10-01,2024,10,Outubro,Porto Alegre,Sul,-30.03,-51.23,21.2,10.1,15.6,88.7,70.7,21.7,1016.1
2024-04-01,2024,4,Abril,Recife,Nordeste,-8.05,-34.88,30.7,24.5,27.6,51.2,179.0,26.3,1005.4
2021-08-01,2021,8,Agosto,Fortaleza,Nordeste,-3.72,-38.54,29.8,20.4,25.1,52.4,51.3,30.2,1009.2
2022-10-01,2022,10,Outubro,Florianópolis,Sul,-27.6,-48.55,25.2,15.7,20.4,90.9,103.4,30.4,1021.2
2023-01-01,2023,1,Janeiro,São Paulo,Sudeste,-23.55,-46.63,18.5,10.0,14.2,78.9,122.8,8.8,1011.1
2024-09-01,2024,9,Setembro,Curitiba,Sul,-25.43,-49.27,22.1,16.0,19.0,89.0,76.6,10.7,1014.7
2024-10-01,2024,10,Outubro,Teresina,Nordeste,-5.09,-42.8,29.0,18.5,23.8,48.3,16.4,12.6,1011.3
2020-06-01,2020,6,Junho,Natal,Nordeste,-5.79,-35.21,26.7,17.4,22.0,58.6,205.4,12.0,1014.9
2022-12-01,2022,12,Dezembro,Teresina,Nordeste,-5.09,-42.8,31.1,25.1,28.1,53.7,0.0,22.1,1013.1
2023-01-01,2023,1,Janeiro,Goiânia,Centro-Oeste,-16.69,-49.26,26.9,17.3,22.1,68.8,27.2,13.8,1024.8
2020-05-01,2020,5,Maio,Vitória,Sudeste,-20.32,-40.34,26.1,16.4,21.2,77.4,208.0,30.6,1003.7
2022-04-01,2022,4,Abril,Campo Grande,Centro-Oeste,-20.44,-54.65,28.7,20.6,24.6,76.5,160.4,26.8,1008.4
2020-10-01,2020,10,Outubro,Teresina,Nordeste,-5.09,-42.8,31.6,24.2,27.9,48.5,32.0,15.0,1020.3
2023-03-01,2023,3,Março,Macapá,Norte,0.03,-51.07,27.8,20.8,24.3,85.7,260.8,9.1,1015.1
2021-05-01,2021,5,Maio,Macapá,Norte,0.03,-51.07,30.0,22.3,26.2,82.6,346.3,20.4,1018.1
2024-08-01,2024,8,Agosto,Porto Velho,Norte,-8.76,-63.9,26.4,17.4,21.9,77.2,279.5,26.2,1009.8
2022-03-01,2022,3,Março,Belém,Norte,-1.45,-48.5,29.8,19.9,24.8,71.5,265.9,5.3,1015.6
2020-04-01,2020,4,Abril,Porto Velho,Norte,-8.76,-63.9,30.0,18.5,24.2,72.1,262.0,23.9,1006.7
2024-07-01,2024,7,Julho,Maceió,Nordeste,-9.67,-35.74,28.2,17.4,22.8,65.6,237.5,22.6,1011.0
2024-09-01,2024,9,Setembro,Fortaleza,Nordeste,-3.72,-38.54,27.0,18.6,22.8,59.3,72.1,26.4,1014.8
2023-12-01,2023,12,Dezembro,Brasília,Centro-Oeste,-15.78,-47.93,20.8,9.7,15.2,61.7,53.6,23.5,1005.6
2023-11-01,2023,11,Novembro,Florianópolis,Sul,-27.6,-48.55,25.2,14.7,20.0,88.6,133.5,25.7,1012.1
2024-05-01,2024,5,Maio,Cuiabá,Centro-Oeste,-15.6,-56.1,30.4,22.4,26.4,71.6,153.9,26.4,1016.2
2020-01-01,2020,1,Janeiro,Fortaleza,Nordeste,-3.72,-38.54,27.0,17.2,22.1,54.7,26.4,21.6,1014.6
2024-12-01,2024,12,Dezembro,Florianópolis,Sul,-27.6,-48.55,20.7,9.4,15.0,77.9,142.2,19.8,1013.2
2023-07-01,2023,7,Julho,Maceió,Nordeste,-9.67,-35.74,25.4,16.8,21.1,74.7,217.1,33.1,1009.1
2020-09-01,2020,9,Setembro,Porto Velho,Norte,-8.76,-63.9,23.9,16.3,20.1,79.0,221.5,33.1,1009.6
2021-09-01,2021,9,Setembro,Brasília,Centro-Oeste,-15.78,-47.93,20.8,11.5,16.2,64.5,124.9,33.4,1007.7
2024-05-01,2024,5,Maio,Goiânia,Centro-Oeste,-16.69,-49.26,26.6,18.6,22.6,75.3,190.2,30.4,1015.6
2020-08-01,2020,8,Agosto,Cuiabá,Centro-Oeste,-15.6,-56.1,23.9,13.5,18.7,66.7,152.0,21.4,1012.5
2020-10-01,2020,10,Outubro,Curitiba,Sul,-25.43,-49.27,19.5,7.7,13.6,84.6,110.9,33.0,1015.5
2024-12-01,2024,12,Dezembro,Macapá,Norte,0.03,-51.07,26.3,18.7,22.5,85.8,275.2,35.0,1010.9
2023-04-01,2023,4,Abril,Recife,Nordeste,-8.05,-34.88,31.7,24.2,28.0,59.4,197.8,15.7,1015.2
2022-05-01,2022,5,Maio,Macapá,Norte,0.03,-51.07,28.7,17.9,23.3,81.2,319.4,13.8,1026.7
2024-07-01,2024,7,Julho,Florianópolis,Sul,-27.6,-48.55,20.4,8.5,14.4,80.9,96.5,9.0,1011.8
2021-11-01,2021,11,Novembro,Campo Grande,Centro-Oeste,-20.44,-54.65,22.0,11.8,16.9,68.0,136.4,11.7,1017.4
2023-11-01,2023,11,Novembro,Brasília,Centro-Oeste,-15.78,-47.93,20.5,13.4,17.0,74.2,100.0,18.6,1009.8
2024-11-01,2024,11,Novembro,Goiânia,Centro-Oeste,-16.69,-49.26,21.8,14.9,18.4,65.8,41.1,17.7,1007.4
2022-06-01,2022,6,Junho,Manaus,Norte,-3.1,-60.02,26.9,20.0,23.4,83.3,311.5,26.4,1004.9
2023-07-01,2023,7,Julho,Fortaleza,Nordeste,-3.72,-38.54,29.4,18.5,24.0,49.4,122.8,5.5,1011.8
2024-02-01,2024,2,Fevereiro,Fortaleza,Nordeste,-3.72,-38.54,30.6,22.4,26.5,61.2,27.0,14.6,1009.2
2022-11-01,2022,11,Novembro,São Paulo,Sudeste,-23.55,-46.63,17.5,8.3,12.9,73.9,49.1,26.2,1012.4
2023-06-01,2023,6,Junho,Porto Alegre,Sul,-30.03,-51.23,14.7,6.6,10.6,78.0,34.9,11.1,1003.0
2022-08-01,2022,8,Agosto,Manaus,Norte,-3.1,-60.02,26.9,18.1,22.5,88.9,275.4,19.2,1008.3
2021-01-01,2021,1,Janeiro,Vitória,Sudeste,-20.32,-40.34,23.5,12.4,18.0,79.8,51.0,17.8,1018.1
2022-04-01,2022,4,Abril,Teresina,Nordeste,-5.09,-42.8,32.5,20.6,26.6,56.1,77.3,24.1,1010.0
2023-11-01,2023,11,Novembro,Recife,Nordeste,-8.05,-34.88,25.7,19.2,22.4,62.2,109.2,9.7,1013.9
2021-09-01,2021,9,Setembro,Curitiba,Sul,-25.43,-49.27,19.2,8.4,13.8,78.2,64.7,19.1,1017.4
2020-04-01,2020,4,Abril,Fortaleza,Nordeste,-3.72,-38.54,31.4,20.4,25.9,54.1,111.3,5.9,1013.4
2020-11-01,2020,11,Novembro,Belém,Norte,-1.45,-48.5,24.4,13.6,19.0,75.1,222.1,26.7,1010.2
2024-04-01,2024,4,Abril,Salvador,Nordeste,-12.97,-38.51,29.8,21.5,25.6,62.2,246.4,22.7,1006.2
2020-08-01,2020,8,Agosto,Salvador,Nordeste,-12.97,-38.51,28.4,18.4,23.4,60.2,252.8,5.7,1013.1
2020-03-01,2020,3,Março,Florianópolis,Sul,-27.6,-48.55,18.0,6.1,12.0,88.2,103.6,25.8,1014.1
2024-10-01,2024,10,Outubro,Fortaleza,Nordeste,-3.72,-38.54,27.6,20.4,24.0,54.5,42.4,20.9,1009.6
2021-06-01,2021,6,Junho,Goiânia,Centro-Oeste,-16.69,-49.26,23.7,12.3,18.0,73.0,191.5,20.0,1010.0
2022-03-01,2022,3,Março,Campo Grande,Centro-Oeste,-20.44,-54.65,26.3,14.5,20.4,76.2,184.8,8.3,1016.3
2023-09-01,2023,9,Setembro,Goiânia,Centro-Oeste,-16.69,-49.26,22.2,15.0,18.6,71.9,117.8,27.3,1015.4
2022-06-01,2022,6,Junho,Natal,Nordeste,-5.79,-35.21,28.5,17.6,23.0,54.9,160.6,25.3,1002.3
2021-12-01,2021,12,Dezembro,Campo Grande,Centro-Oeste,-20.44,-54.65,23.9,12.3,18.1,72.9,25.5,5.2,1016.4
2022-09-01,2022,9,Setembro,Teresina,Nordeste,-5.09,-42.8,28.7,18.8,23.8,58.2,62.5,20.3,1011.3
2024-01-01,2024,1,Janeiro,Manaus,Norte,-3.1,-60.02,26.8,18.1,22.5,88.1,163.9,25.2,1015.7
2024-06-01,2024,6,Junho,Belém,Norte,-1.45,-48.5,28.1,21.4,24.8,87.2,343.2,17.9,1009.2
2022-12-01,2022,12,Dezembro,Porto Velho,Norte,-8.76,-63.9,23.4,13.7,18.5,83.0,139.0,6.8,1015.1
2024-04-01,2024,4,Abril,Fortaleza,Nordeste,-3.72,-38.54,29.8,20.9,25.4,62.4,153.8,30.9,1010.7
2020-09-01,2020,9,Setembro,Vitória,Sudeste,-20.32,-40.34,23.2,12.4,17.8,75.4,175.4,32.9,1018.0
2020-12-01,2020,12,Dezembro,Salvador,Nordeste,-12.97,-38.51,25.2,14.5,19.8,71.1,143.8,19.8,1017.6
2023-06-01,2023,6,Junho,Cuiabá,Centro-Oeste,-15.6,-56.1,30.7,21.6,26.2,62.4,140.4,28.0,1021.1
2020-10-01,2020,10,Outubro,Rio de Janeiro,Sudeste,-22.91,-43.17,24.2,15.0,19.6,76.2,60.4,21.7,1014.7
2021-11-01,2021,11,Novembro,Salvador,Nordeste,-12.97,-38.51,22.9,11.0,17.0,67.1,81.9,31.8,1013.7
2024-02-01,2024,2,Fevereiro,Florianópolis,Sul,-27.6,-48.55,18.7,8.1,13.4,80.2,154.9,11.9,1021.9
2023-04-01,2023,4,Abril,Rio de Janeiro,Sudeste,-22.91,-43.17,27.1,16.9,22.0,77.2,142.1,16.1,1015.0
2020-04-01,2020,4,Abril,Salvador,Nordeste,-12.97,-38.51,26.8,19.5,23.2,66.4,201.8,21.4,1011.7
2021-07-01,2021,7,Julho,Macapá,Norte,0.03,-51.07,26.8,18.0,22.4,80.1,309.3,16.4,1018.5
2024-09-01,2024,9,Setembro,Brasília,Centro-Oeste,-15.78,-47.93,19.7,11.9,15.8,68.9,137.4,27.0,1018.2
2023-07-01,2023,7,Julho,Teresina,Nordeste,-5.09,-42.8,28.2,16.5,22.4,48.9,81.9,22.7,1017.4
2023-09-01,2023,9,Setembro,Natal,Nordeste,-5.79,-35.21,26.7,15.9,21.3,55.2,95.5,22.2,1010.9
2021-02-01,2021,2,Fevereiro,São Luís,Nordeste,-2.53,-44.3,29.6,21.9,25.8,53.4,99.1,31.3,1006.9
2023-12-01,2023,12,Dezembro,Belém,Norte,-1.45,-48.5,25.6,15.8,20.7,81.4,233.3,7.0,1015.0
2024-08-01,2024,8,Agosto,Vitória,Sudeste,-20.32,-40.34,23.5,12.6,18.0,76.3,124.8,11.3,1008.8
2024-05-01,2024,5,Maio,Florianópolis,Sul,-27.6,-48.55,17.6,9.5,13.6,92.1,48.2,25.4,1007.6
2024-11-01,2024,11,Novembro,Belo Horizonte,Sudeste,-19.92,-43.94,18.8,7.6,13.2,67.4,48.2,21.5,1008.5
2023-06-01,2023,6,Junho,Belo Horizonte,Sudeste,-19.92,-43.94,21.2,12.6,16.9,64.1,169.3,5.2,1015.0
2020-07-01,2020,7,Julho,Curitiba,Sul,-25.43,-49.27,18.4,6.6,12.5,85.8,82.6,7.5,1016.3
2024-06-01,2024,6,Junho,Curitiba,Sul,-25.43,-49.27,15.2,4.6,9.9,80.1,4.9,33.0,1005.4
2024-03-01,2024,3,Março,Recife,Nordeste,-8.05,-34.88,28.7,17.3,23.0,50.7,148.1,27.5,1015.6
2021-06-01,2021,6,Junho,Curitiba,Sul,-25.43,-49.27,15.3,4.5,9.9,88.8,66.9,19.8,1004.4
2021-03-01,2021,3,Março,Natal,Nordeste,-5.79,-35.21,29.3,20.3,24.8,44.0,124.1,31.2,1008.4
2020-02-01,2020,2,Fevereiro,Curitiba,Sul,-25.43,-49.27,16.4,7.7,12.0,75.7,88.5,19.8,1013.7
2022-04-01,2022,4,Abril,Cuiabá,Centro-Oeste,-15.6,-56.1,30.5,22.4,26.4,59.9,132.4,12.6,1015.5
2020-03-01,2020,3,Março,Natal,Nordeste,-5.79,-35.21,28.8,17.4,23.1,47.2,99.3,30.8,1016.3
2024-12-01,2024,12,Dezembro,São Luís,Nordeste,-2.53,-44.3,29.5,17.7,20.1,60.6,122.1,29.6,1009.6
2022-09-01,2022,9,Setembro,Campo Grande,Centro-Oeste,-20.44,-54.65,20.3,9.7,15.0,71.3,132.6,23.4,1020.6
2020-08-01,2020,8,Agosto,Belo Horizonte,Sudeste,-19.92,-43.94,21.4,12.8,17.1,66.8,153.0,27.3,1017.1
2024-01-01,2024,1,Janeiro,Porto Velho,Norte,-8.76,-63.9,26.8,14.9,20.8,73.5,172.1,26.8,1012.6
2024-07-01,2024,7,Julho,Porto Alegre,Sul,-30.03,-51.23,20.1,10.1,15.1,84.7,24.3,22.4,1010.5
2023-06-01,2023,6,Junho,Brasília,Centro-Oeste,-15.78,-47.93,21.9,13.1,17.5,75.3,136.8,27.2,1014.8
2020-05-01,2020,5,Maio,Fortaleza,Nordeste,-3.72,-38.54,31.6,25.4,28.5,56.8,167.4,18.6,1010.2
2022-02-01,2022,2,Fevereiro,Rio de Janeiro,Sudeste,-22.91,-43.17,23.9,12.3,18.1,70.5,63.0,16.6,1012.0
2021-12-01,2021,12,Dezembro,Maceió,Nordeste,-9.67,-35.74,24.8,17.2,21.0,63.0,105.3,23.3,1012.3
2024-11-01,2024,11,Novembro,Recife,Nordeste,-8.05,-34.88,24.6,18.1,21.4,55.2,124.1,33.4,1010.4
2024-06-01,2024,6,Junho,São Paulo,Sudeste,-23.55,-46.63,20.9,12.3,16.6,72.0,172.8,21.9,1011.7
2024-07-01,2024,7,Julho,Natal,Nordeste,-5.79,-35.21,30.1,18.5,24.3,57.6,118.7,14.1,1011.1
2024-07-01,2024,7,Julho,Porto Velho,Norte,-8.76,-63.9,25.7,15.8,20.8,92.8,268.8,21.8,1009.6
2023-08-01,2023,8,Agosto,Natal,Nordeste,-5.79,-35.21,26.4,18.8,22.6,57.3,130.6,17.5,1011.4
2021-09-01,2021,9,Setembro,Vitória,Sudeste,-20.32,-40.34,19.8,11.1,15.4,79.0,106.5,13.8,1015.0
2020-09-01,2020,9,Setembro,Porto Alegre,Sul,-30.03,-51.23,23.0,16.6,19.8,85.0,65.2,32.1,1013.6
2020-04-01,2020,4,Abril,Vitória,Sudeste,-20.32,-40.34,27.2,15.6,21.4,82.7,177.4,18.5,1012.0
2024-07-01,2024,7,Julho,Manaus,Norte,-3.1,-60.02,26.7,19.6,23.2,81.0,252.0,15.9,1012.0
2020-10-01,2020,10,Outubro,São Paulo,Sudeste,-23.55,-46.63,18.4,9.6,14.0,67.6,105.1,5.8,1008.7
2021-11-01,2021,11,Novembro,Recife,Nordeste,-8.05,-34.88,25.8,17.4,21.6,59.8,75.1,15.9,1017.9
2024-10-01,2024,10,Outubro,Goiânia,Centro-Oeste,-16.69,-49.26,21.2,12.8,17.0,67.0,104.0,27.6,1012.5
2024-09-01,2024,9,Setembro,Manaus,Norte,-3.1,-60.02,23.1,14.3,18.7,91.8,275.5,31.9,1008.1
2020-05-01,2020,5,Maio,Porto Alegre,Sul,-30.03,-51.23,14.0,3.4,8.7,85.1,28.5,26.9,1017.1
2020-08-01,2020,8,Agosto,Goiânia,Centro-Oeste,-16.69,-49.26,23.9,16.3,20.1,73.1,210.9,18.2,1011.8
2023-08-01,2023,8,Agosto,Porto Velho,Norte,-8.76,-63.9,24.7,18.3,21.5,80.9,221.9,13.9,1019.5
2024-02-01,2024,2,Fevereiro,Belém,Norte,-1.45,-48.5,27.4,19.8,23.6,89.4,217.1,28.8,1012.1
2023-07-01,2023,7,Julho,Goiânia,Centro-Oeste,-16.69,-49.26,24.0,15.5,19.8,61.3,158.0,26.8,1007.7
2022-11-01,2022,11,Novembro,Campo Grande,Centro-Oeste,-20.44,-54.65,21.4,15.2,18.3,75.4,119.8,30.6,1007.6
2023-11-01,2023,11,Novembro,Campo Grande,Centro-Oeste,-20.44,-54.65,22.8,13.3,18.0,77.8,106.6,12.5,1013.8
2021-01-01,2021,1,Janeiro,Belo Horizonte,Sudeste,-19.92,-43.94,23.4,15.2,19.3,70.6,93.8,5.2,1009.6
2022-11-01,2022,11,Novembro,Maceió,Nordeste,-9.67,-35.74,24.1,14.3,19.2,68.8,101.0,6.0,1012.6
2023-01-01,2023,1,Janeiro,Campo Grande,Centro-Oeste,-20.44,-54.65,26.0,15.2,20.6,69.3,97.6,8.0,1008.0
2022-12-01,2022,12,Dezembro,Fortaleza,Nordeste,-3.72,-38.54,27.9,16.4,22.2,54.2,27.2,34.3,1011.7
2022-02-01,2022,2,Fevereiro,Florianópolis,Sul,-27.6,-48.55,18.0,10.3,14.2,85.7,101.5,30.0,1017.3
2022-03-01,2022,3,Março,Goiânia,Centro-Oeste,-16.69,-49.26,25.2,13.2,19.2,66.2,118.6,11.3,1008.9
2023-08-01,2023,8,Agosto,Campo Grande,Centro-Oeste,-20.44,-54.65,24.7,18.0,21.4,76.3,191.9,29.4,1012.5
2024-06-01,2024,6,Junho,Rio de Janeiro,Sudeste,-22.91,-43.17,25.8,14.3,20.0,71.2,140.8,5.7,1016.6
2023-08-01,2023,8,Agosto,Rio de Janeiro,Sudeste,-22.91,-43.17,23.4,12.6,18.0,70.7,133.0,19.1,1011.6
2024-05-01,2024,5,Maio,São Paulo,Sudeste,-23.55,-46.63,18.8,8.2,13.5,67.5,163.4,31.8,1013.7
2020-03-01,2020,3,Março,Teresina,Nordeste,-5.09,-42.8,33.2,23.2,28.2,50.6,0.0,20.0,1023.6
2024-03-01,2024,3,Março,Porto Velho,Norte,-8.76,-63.9,28.5,22.4,25.4,73.9,244.9,34.8,1008.4
2024-11-01,2024,11,Novembro,Teresina,Nordeste,-5.09,-42.8,29.6,20.5,25.0,47.5,36.7,14.3,1013.3
2022-07-01,2022,7,Julho,São Paulo,Sudeste,-23.55,-46.63,21.2,11.5,16.4,72.5,206.7,19.9,1017.6
2022-06-01,2022,6,Junho,Macapá,Norte,0.03,-51.07,27.8,18.8,23.3,81.0,311.4,26.1,1018.4
2024-11-01,2024,11,Novembro,Maceió,Nordeste,-9.67,-35.74,24.5,17.0,20.8,62.1,121.9,11.4,1018.7
2021-09-01,2021,9,Setembro,Porto Velho,Norte,-8.76,-63.9,24.3,13.5,18.9,82.8,202.6,24.0,1013.3
2021-01-01,2021,1,Janeiro,São Paulo,Sudeste,-23.55,-46.63,19.1,12.3,15.7,71.8,162.6,22.3,1015.0
2023-09-01,2023,9,Setembro,Rio de Janeiro,Sudeste,-22.91,-43.17,22.3,14.1,18.2,72.3,95.1,28.7,1014.5
2021-08-01,2021,8,Agosto,Macapá,Norte,0.03,-51.07,26.2,18.5,22.4,86.0,272.9,32.3,1016.8
2021-01-01,2021,1,Janeiro,Recife,Nordeste,-8.05,-34.88,25.3,15.6,20.4,53.0,89.6,18.3,1024.1
2022-08-01,2022,8,Agosto,Curitiba,Sul,-25.43,-49.27,20.6,11.3,16.0,96.2,36.0,14.6,1020.3
2023-10-01,2023,10,Outubro,Salvador,Nordeste,-12.97,-38.51,21.4,14.6,18.0,74.4,81.4,14.1,1007.5
2020-11-01,2020,11,Novembro,Manaus,Norte,-3.1,-60.02,24.1,12.5,18.3,82.5,220.0,31.1,1018.8
2022-04-01,2022,4,Abril,Porto Velho,Norte,-8.76,-63.9,31.5,22.7,27.1,82.1,248.9,33.7,1009.6
2021-03-01,2021,3,Março,Curitiba,Sul,-25.43,-49.27,11.5,3.5,7.5,87.8,66.2,7.8,1012.9
2020-10-01,2020,10,Outubro,São Luís,Nordeste,-2.53,-44.3,25.6,17.5,21.6,54.8,196.9,26.6,1005.6
2020-05-01,2020,5,Maio,Cuiabá,Centro-Oeste,-15.6,-56.1,29.1,22.7,25.9,66.4,140.1,32.2,1005.4
2020-01-01,2020,1,Janeiro,Goiânia,Centro-Oeste,-16.69,-49.26,25.2,15.7,20.4,66.1,104.3,12.0,1013.8
2021-03-01,2021,3,Março,Salvador,Nordeste,-12.97,-38.51,27.5,18.8,23.2,63.1,162.6,32.1,1011.9
2022-03-01,2022,3,Março,Teresina,Nordeste,-5.09,-42.8,33.8,24.1,29.0,39.0,89.1,11.5,1015.4
2022-11-01,2022,11,Novembro,Salvador,Nordeste,-12.97,-38.51,25.2,18.2,21.7,63.1,108.0,19.4,1012.8
2023-03-01,2023,3,Março,Campo Grande,Centro-Oeste,-20.44,-54.65,26.3,17.8,22.0,69.6,193.6,19.7,1008.5
2022-10-01,2022,10,Outubro,Cuiabá,Centro-Oeste,-15.6,-56.1,24.1,13.1,18.6,59.2,136.8,33.6,1028.5
2021-04-01,2021,4,Abril,Porto Velho,Norte,-8.76,-63.9,27.5,20.1,23.8,69.2,207.2,7.2,1010.0
2020-04-01,2020,4,Abril,Recife,Nordeste,-8.05,-34.88,30.2,19.7,25.0,65.8,153.5,26.4,1004.5
2020-02-01,2020,2,Fevereiro,Salvador,Nordeste,-12.97,-38.51,27.5,20.5,24.0,60.8,113.0,12.8,1007.7
2023-03-01,2023,3,Março,Rio de Janeiro,Sudeste,-22.91,-43.17,24.5,15.7,20.1,71.1,157.8,29.0,1010.1
2023-11-01,2023,11,Novembro,Cuiabá,Centro-Oeste,-15.6,-56.1,25.5,19.3,22.4,72.3,140.4,31.1,1012.5
2024-04-01,2024,4,Abril,São Luís,Nordeste,-2.53,-44.3,30.3,20.5,25.4,55.5,222.8,32.7,1006.7
2023-03-01,2023,3,Março,Porto Velho,Norte,-8.76,-63.9,26.6,18.4,22.5,78.9,228.75,27.0,1011.4
2024-04-01,2024,4,Abril,Natal,Nordeste,-5.79,-35.21,27.4,18.4,22.9,61.7,151.4,19.6,1023.4
2020-07-01,2020,7,Julho,Porto Alegre,Sul,-30.03,-51.23,16.9,5.9,11.4,81.7,2.8,27.6,1012.6
2020-09-01,2020,9,Setembro,São Paulo,Sudeste,-23.55,-46.63,18.3,6.5,12.4,75.8,120.4,28.1,1007.9
2021-09-01,2021,9,Setembro,Salvador,Nordeste,-12.97,-38.51,23.2,13.9,18.6,61.4,105.8,13.9,1014.0
2022-07-01,2022,7,Julho,Natal,Nordeste,-5.79,-35.21,27.7,19.9,23.8,57.1,177.3,19.1,1007.0
2020-03-01,2020,3,Março,Cuiabá,Centro-Oeste,-15.6,-56.1,28.2,20.2,24.2,69.1,128.8,31.4,1020.9
2020-05-01,2020,5,Maio,São Paulo,Sudeste,-23.55,-46.63,23.0,12.0,17.5,74.8,198.7,18.1,1009.2
2023-10-01,2023,10,Outubro,Teresina,Nordeste,-5.09,-42.8,25.4,19.2,22.3,58.5,0.0,25.6,1008.8
2023-01-01,2023,1,Janeiro,Belém,Norte,-1.45,-48.5,27.1,15.5,21.3,85.3,271.7,17.1,1009.6
2020-09-01,2020,9,Setembro,Campo Grande,Centro-Oeste,-20.44,-54.65,24.1,13.7,18.9,80.3,185.2,11.4,1018.6
2020-07-01,2020,7,Julho,Recife,Nordeste,-8.05,-34.88,27.3,15.4,21.4,66.5,215.0,27.4,1016.5
2023-12-01,2023,12,Dezembro,Vitória,Sudeste,-20.32,-40.34,25.6,14.6,20.1,76.2,83.9,16.3,1007.6
2022-04-01,2022,4,Abril,São Luís,Nordeste,-2.53,-44.3,29.7,21.1,25.4,65.3,194.2,28.8,1018.0
2023-01-01,2023,1,Janeiro,Porto Velho,Norte,-8.76,-63.9,26.7,14.8,20.8,78.3,158.1,8.6,1010.9
2023-12-01,2023,12,Dezembro,São Luís,Nordeste,-2.53,-44.3,24.7,14.4,19.6,60.8,100.5,30.3,1007.3
2021-02-01,2021,2,Fevereiro,Porto Alegre,Sul,-30.03,-51.23,14.9,6.6,10.8,82.0,37.1,10.3,1008.1
2021-02-01,2021,2,Fevereiro,Teresina,Nordeste,-5.09,-42.8,31.0,22.0,26.5,49.1,54.4,21.3,1012.0
2021-08-01,2021,8,Agosto,Porto Alegre,Sul,-30.03,-51.23,18.5,10.9,14.7,78.0,76.0,18.7,1018.6
2023-08-01,2023,8,Agosto,Porto Alegre,Sul,-30.03,-51.23,21.2,14.0,17.6,80.3,58.4,7.0,1013.6
2022-02-01,2022,2,Fevereiro,Cuiabá,Centro-Oeste,-15.6,-56.1,28.9,21.4,25.2,64.0,63.8,20.2,1017.2
2022-07-01,2022,7,Julho,Rio de Janeiro,Sudeste,-22.91,-43.17,24.1,14.1,19.1,69.0,121.7,15.2,1007.2
2022-12-01,2022,12,Dezembro,Vitória,Sudeste,-20.32,-40.34,25.0,18.7,21.8,67.8,35.7,29.9,1014.7
2021-05-01,2021,5,Maio,Recife,Nordeste,-8.05,-34.88,28.7,18.3,23.5,61.1,200.9,26.1,1008.8
2020-11-01,2020,11,Novembro,Rio de Janeiro,Sudeste,-22.91,-43.17,23.0,15.6,19.3,64.4,95.2,25.8,1013.1
2020-09-01,2020,9,Setembro,Recife,Nordeste,-8.05,-34.88,28.2,21.6,24.9,56.4,172.3,26.2,1015.9
2023-03-01,2023,3,Março,Salvador,Nordeste,-12.97,-38.51,25.7,16.2,21.0,62.2,98.1,33.1,1003.3
2020-03-01,2020,3,Março,Maceió,Nordeste,-9.67,-35.74,30.5,19.8,25.2,65.1,160.4,6.7,1012.9
2024-08-01,2024,8,Agosto,Florianópolis,Sul,-27.6,-48.55,23.6,16.3,20.0,91.4,72.8,10.6,1008.2
2021-08-01,2021,8,Agosto,Brasília,Centro-Oeste,-15.78,-47.93,21.5,11.9,16.7,69.6,142.4,16.9,1013.5
2021-04-01,2021,4,Abril,São Paulo,Sudeste,-23.55,-46.63,20.0,11.1,15.6,72.9,182.0,25.3,1002.8
2021-10-01,2021,10,Outubro,Natal,Nordeste,-5.79,-35.21,22.2,13.8,18.0,56.6,73.2,33.7,1006.7
2023-06-01,2023,6,Junho,Rio de Janeiro,Sudeste,-22.91,-43.17,25.4,16.2,20.8,59.5,174.4,16.0,1011.8
2024-11-01,2024,11,Novembro,Porto Velho,Norte,-8.76,-63.9,24.5,16.7,20.6,71.2,206.0,30.3,1012.0
2023-12-01,2023,12,Dezembro,Fortaleza,Nordeste,-3.72,-38.54,28.4,21.7,25.0,54.2,72.6,33.3,1013.4
2021-01-01,2021,1,Janeiro,Florianópolis,Sul,-27.6,-48.55,18.0,11.2,14.6,84.3,132.0,20.5,1007.7
2021-08-01,2021,8,Agosto,Vitória,Sudeste,-20.32,-40.34,23.4,14.9,19.2,79.9,151.7,26.1,1011.1
2024-07-01,2024,7,Julho,Fortaleza,Nordeste,-3.72,-38.54,27.4,19.4,23.4,58.2,192.1,5.7,1019.9
2023-06-01,2023,6,Junho,Teresina,Nordeste,-5.09,-42.8,30.8,23.6,27.2,55.2,54.9,32.5,1006.8
2024-07-01,2024,7,Julho,Recife,Nordeste,-8.05,-34.88,23.2,15.7,19.4,60.1,143.4,32.0,1014.8
2021-08-01,2021,8,Agosto,Rio de Janeiro,Sudeste,-22.91,-43.17,24.2,14.0,19.1,70.9,126.4,19.8,1006.2
2023-06-01,2023,6,Junho,São Luís,Nordeste,-2.53,-44.3,28.8,17.8,23.3,57.5,236.9,19.0,1012.8
2023-02-01,2023,2,Fevereiro,São Paulo,Sudeste,-23.55,-46.63,20.0,8.4,14.2,61.0,61.0,22.3,1028.0
2022-05-01,2022,5,Maio,Belém,Norte,-1.45,-48.5,29.4,21.9,25.6,76.2,279.3,15.7,1009.0
2023-10-01,2023,10,Outubro,Goiânia,Centro-Oeste,-16.69,-49.26,22.9,11.1,17.0,62.2,111.8,25.3,1015.4
2020-09-01,2020,9,Setembro,Florianópolis,Sul,-27.6,-48.55,20.6,9.4,15.0,86.1,82.6,14.6,1018.2
2024-10-01,2024,10,Outubro,Florianópolis,Sul,-27.6,-48.55,24.9,14.8,19.8,76.5,115.6,14.8,1007.4
2021-12-01,2021,12,Dezembro,Goiânia,Centro-Oeste,-16.69,-49.26,21.6,14.6,18.1,63.9,75.4,27.8,1013.3
2021-09-01,2021,9,Setembro,Natal,Nordeste,-5.79,-35.21,25.5,19.4,22.4,55.7,122.8,13.3,1005.6
2022-02-01,2022,2,Fevereiro,Goiânia,Centro-Oeste,-16.69,-49.26,24.7,14.6,19.6,78.5,145.9,6.2,1007.2
2024-07-01,2024,7,Julho,Goiânia,Centro-Oeste,-16.69,-49.26,23.3,14.4,18.8,68.9,144.7,33.6,1009.9
2024-03-01,2024,3,Março,Fortaleza,Nordeste,-3.72,-38.54,32.8,21.5,24.450000000000003,55.5,64.7,17.4,1002.6
2023-10-01,2023,10,Outubro,Fortaleza,Nordeste,-3.72,-38.54,25.4,14.2,19.8,61.8,85.6,20.0,1015.2
2020-01-01,2020,1,Janeiro,Brasília,Centro-Oeste,-15.78,-47.93,19.3,7.6,13.4,71.8,89.7,7.3,1016.8
2024-03-01,2024,3,Março,Curitiba,Sul,-25.43,-49.27,12.4,3.9,8.2,80.1,80.7,25.0,1007.3
2024-11-01,2024,11,Novembro,Porto Alegre,Sul,-30.03,-51.23,22.0,15.3,18.6,72.2,93.4,34.1,1009.6
2022-03-01,2022,3,Março,Fortaleza,Nordeste,-3.72,-38.54,28.0,18.2,23.1,55.7,12.8,33.5,1011.5
2022-04-01,2022,4,Abril,Recife,Nordeste,-8.05,-34.88,29.5,19.1,24.3,63.7,120.4,34.7,1017.2
2024-01-01,2024,1,Janeiro,Recife,Nordeste,-8.05,-34.88,27.3,17.7,22.5,56.2,99.7,12.5,1015.0
2023-02-01,2023,2,Fevereiro,Porto Alegre,Sul,-30.03,-51.23,16.2,6.4,11.3,86.2,167.4,10.3,1008.2
2024-12-01,2024,12,Dezembro,Manaus,Norte,-3.1,-60.02,24.9,15.0,20.0,78.1,140.6,34.6,1017.7
2022-07-01,2022,7,Julho,Salvador,Nordeste,-12.97,-38.51,24.4,17.2,20.8,59.9,170.0,34.6,1018.9
2023-11-01,2023,11,Novembro,Curitiba,Sul,-25.43,-49.27,18.5,11.4,15.0,85.6,118.2,21.8,1019.7
2024-10-01,2024,10,Outubro,São Luís,Nordeste,-2.53,-44.3,25.2,14.7,20.0,50.7,177.7,34.9,1015.1
2021-01-01,2021,1,Janeiro,Cuiabá,Centro-Oeste,-15.6,-56.1,26.8,15.4,21.1,63.2,36.95,9.2,1016.3
2021-05-01,2021,5,Maio,Campo Grande,Centro-Oeste,-20.44,-54.65,26.8,19.9,23.4,67.5,216.0,7.6,1021.2
2021-01-01,2021,1,Janeiro,São Luís,Nordeste,-2.53,-44.3,28.4,20.3,24.4,57.2,139.85,15.1,1010.2
2022-10-01,2022,10,Outubro,Recife,Nordeste,-8.05,-34.88,27.9,20.6,24.2,64.3,157.8,30.1,1013.9
2024-07-01,2024,7,Julho,Vitória,Sudeste,-20.32,-40.34,24.4,17.7,21.0,75.2,113.5,6.0,1018.2
2020-07-01,2020,7,Julho,Cuiabá,Centro-Oeste,-15.6,-56.1,26.5,18.1,22.3,68.8,215.2,11.9,1002.7
2022-12-01,2022,12,Dezembro,Cuiabá,Centro-Oeste,-15.6,-56.1,27.8,18.7,23.2,55.7,110.4,17.7,1019.7
2022-11-01,2022,11,Novembro,Rio de Janeiro,Sudeste,-22.91,-43.17,19.8,12.5,16.2,65.1,76.5,24.8,1017.0
2021-04-01,2021,4,Abril,São Luís,Nordeste,-2.53,-44.3,31.2,21.9,26.6,57.7,208.5,10.1,1010.9
2024-06-01,2024,6,Junho,Salvador,Nordeste,-12.97,-38.51,30.4,20.4,23.65,67.5,217.3,29.5,1013.7
2024-02-01,2024,2,Fevereiro,Natal,Nordeste,-5.79,-35.21,28.5,17.3,22.9,55.4,13.5,12.3,1011.5
2022-12-01,2022,12,Dezembro,Porto Alegre,Sul,-30.03,-51.23,20.5,9.3,15.6,81.8,135.2,21.5,1014.6
2021-05-01,2021,5,Maio,Belo Horizonte,Sudeste,-19.92,-43.94,25.5,19.3,22.4,64.1,187.1,11.4,1009.1
2022-05-01,2022,5,Maio,Recife,Nordeste,-8.05,-34.88,31.9,22.2,27.0,62.6,177.6,16.3,1013.7
2020-02-01,2020,2,Fevereiro,Vitória,Sudeste,-20.32,-40.34,25.5,14.0,20.85,80.6,41.3,9.3,1011.7
2021-07-01,2021,7,Julho,Recife,Nordeste,-8.05,-34.88,26.6,16.5,21.6,56.8,243.8,33.2,1020.0
2020-04-01,2020,4,Abril,Belo Horizonte,Sudeste,-19.92,-43.94,20.9,9.2,15.0,66.7,198.5,12.0,1022.2
2021-12-01,2021,12,Dezembro,Belém,Norte,-1.45,-48.5,23.4,13.7,18.5,83.0,265.4,18.1,1002.2
2020-10-01,2020,10,Outubro,Porto Velho,Norte,-8.76,-63.9,24.1,17.9,21.0,70.0,198.2,31.0,1015.3
2022-09-01,2022,9,Setembro,Goiânia,Centro-Oeste,-16.69,-49.26,21.6,15.1,18.4,73.3,146.7,26.4,1002.8
2020-02-01,2020,2,Fevereiro,Maceió,Nordeste,-9.67,-35.74,27.7,16.1,21.9,58.6,59.9,21.9,1011.2
2024-04-01,2024,4,Abril,Porto Velho,Norte,-8.76,-63.9,31.5,21.8,26.6,82.0,232.55,28.5,1007.4
2022-07-01,2022,7,Julho,Teresina,Nordeste,-5.09,-42.8,29.0,18.7,23.8,48.8,136.0,18.3,1009.6
2021-09-01,2021,9,Setembro,Fortaleza,Nordeste,-3.72,-38.54,28.5,17.6,23.0,52.3,83.4,11.1,1017.9
2023-01-01,2023,1,Janeiro,Porto Alegre,Sul,-30.03,-51.23,17.2,9.0,13.1,74.7,99.6,6.3,1012.1
2024-07-01,2024,7,Julho,Brasília,Centro-Oeste,-15.78,-47.93,26.2,17.2,21.7,72.7,143.3,33.3,1020.2
2020-10-01,2020,10,Outubro,Vitória,Sudeste,-20.32,-40.34,21.4,12.9,17.2,65.1,123.4,10.7,1011.8
2022-11-01,2022,11,Novembro,Cuiabá,Centro-Oeste,-15.6,-56.1,24.6,16.2,20.4,66.4,74.7,23.0,1017.5
2022-09-01,2022,9,Setembro,Recife,Nordeste,-8.05,-34.88,24.2,16.2,20.2,63.5,196.0,32.4,1012.0
2024-08-01,2024,8,Agosto,Recife,Nordeste,-8.05,-34.88,27.8,19.9,23.8,65.4,154.3,30.7,1009.7
2021-07-01,2021,7,Julho,Porto Velho,Norte,-8.76,-63.9,24.0,16.3,20.2,79.5,294.2,21.2,1009.9
2021-10-01,2021,10,Outubro,Salvador,Nordeste,-12.97,-38.51,24.0,17.6,20.8,67.2,131.8,33.0,1012.2
2024-05-01,2024,5,Maio,Fortaleza,Nordeste,-3.72,-38.54,29.2,18.8,24.0,46.1,158.6,8.6,1022.2
2020-12-01,2020,12,Dezembro,Porto Alegre,Sul,-30.03,-51.23,19.3,11.1,15.2,82.7,161.2,16.2,1015.3
2024-05-01,2024,5,Maio,Brasília,Centro-Oeste,-15.78,-47.93,21.3,13.1,17.2,77.2,156.5,34.5,1006.6
2021-10-01,2021,10,Outubro,Porto Velho,Norte,-8.76,-63.9,22.9,13.2,18.0,76.7,228.5,32.0,1011.5
2023-05-01,2023,5,Maio,Campo Grande,Centro-Oeste,-20.44,-54.65,28.0,20.9,24.4,79.5,168.4,32.9,1017.0
2021-02-01,2021,2,Fevereiro,Natal,Nordeste,-5.79,-35.21,28.2,21.5,24.8,58.9,74.1,9.9,1017.6
2020-04-01,2020,4,Abril,Teresina,Nordeste,-5.09,-42.8,30.7,20.8,25.8,49.8,90.0,23.4,1012.4
2021-08-01,2021,8,Agosto,Porto Velho,Norte,-8.76,-63.9,23.8,16.7,20.2,78.9,216.9,20.8,1015.8
2021-06-01,2021,6,Junho,Porto Alegre,Sul,-30.03,-51.23,16.5,7.4,12.0,82.6,53.4,9.3,1007.3
2020-05-01,2020,5,Maio,Belo Horizonte,Sudeste,-19.92,-43.94,22.5,13.1,17.8,72.6,146.9,30.8,1010.3
2023-09-01,2023,9,Setembro,Macapá,Norte,0.03,-51.07,25.2,15.6,20.4,79.9,242.2,6.1,1002.5
2024-03-01,2024,3,Março,Teresina,Nordeste,-5.09,-42.8,32.4,21.3,26.8,50.5,49.9,28.5,1013.7
2022-11-01,2022,11,Novembro,Fortaleza,Nordeste,-3.72,-38.54,25.6,18.4,22.0,56.1,39.9,28.5,1012.8
2021-12-01,2021,12,Dezembro,Recife,Nordeste,-8.05,-34.88,24.6,18.3,21.5,62.9,103.2,28.0,1007.8
2024-08-01,2024,8,Agosto,Salvador,Nordeste,-12.97,-38.51,25.5,14.7,20.1,68.2,179.9,16.2,1009.3
2022-02-01,2022,2,Fevereiro,Recife,Nordeste,-8.05,-34.88,28.8,18.4,23.6,66.7,156.9,17.1,1013.2
2022-03-01,2022,3,Março,Rio de Janeiro,Sudeste,-22.91,-43.17,27.4,20.9,24.2,67.1,96.9,23.4,1018.2
2021-03-01,2021,3,Março,Maceió,Nordeste,-9.67,-35.74,31.0,21.7,26.4,57.4,128.5,12.2,1009.6
2022-12-01,2022,12,Dezembro,Brasília,Centro-Oeste,-15.78,-47.93,24.7,14.2,19.4,73.0,137.6,19.5,1016.0
2022-10-01,2022,10,Outubro,Campo Grande,Centro-Oeste,-20.44,-54.65,17.5,7.6,12.6,79.6,132.4,23.7,1022.4
2022-02-01,2022,2,Fevereiro,Curitiba,Sul,-25.43,-49.27,14.0,5.5,9.8,81.2,32.1,21.7,1007.5
2024-04-01,2024,4,Abril,Curitiba,Sul,-25.43,-49.27,10.9,0.8,5.9,83.1,75.3,27.8,1014.5
2020-06-01,2020,6,Junho,Cuiabá,Centro-Oeste,-15.6,-56.1,28.8,18.6,23.7,59.0,221.0,31.5,1007.8
2023-10-01,2023,10,Outubro,Porto Alegre,Sul,-30.03,-51.23,21.1,14.6,17.8,72.6,120.7,33.3,1010.2
2022-05-01,2022,5,Maio,Campo Grande,Centro-Oeste,-20.44,-54.65,26.9,18.7,22.8,72.9,174.8,29.3,1009.4
2021-05-01,2021,5,Maio,São Paulo,Sudeste,-23.55,-46.63,21.8,14.3,18.0,73.8,183.65,32.5,1017.0
2023-09-01,2023,9,Setembro,São Luís,Nordeste,-2.53,-44.3,27.6,17.5,22.6,60.3,152.5,13.0,1009.8
2023-04-01,2023,4,Abril,São Paulo,Sudeste,-23.55,-46.63,22.1,13.1,17.6,75.0,167.6,29.4,1006.4
2023-05-01,2023,5,Maio,Brasília,Centro-Oeste,-15.78,-47.93,22.5,16.5,19.5,70.4,186.2,11.3,1014.1
2021-05-01,2021,5,Maio,Rio de Janeiro,Sudeste,-22.91,-43.17,27.4,17.2,21.15,70.0,142.1,11.6,1014.2
2020-11-01,2020,11,Novembro,Maceió,Nordeste,-9.67,-35.74,26.5,17.4,22.0,75.9,121.4,14.7,1015.5
2024-02-01,2024,2,Fevereiro,Teresina,Nordeste,-5.09,-42.8,30.9,23.6,27.2,49.7,34.7,7.4,1016.1
2021-02-01,2021,2,Fevereiro,Campo Grande,Centro-Oeste,-20.44,-54.65,24.3,17.6,21.0,81.4,141.7,15.5,1009.2
2021-10-01,2021,10,Outubro,Recife,Nordeste,-8.05,-34.88,26.3,19.4,22.8,67.5,143.7,14.1,1012.4
2023-03-01,2023,3,Março,São Luís,Nordeste,-2.53,-44.3,30.4,19.3,24.8,47.9,202.6,9.1,1016.1
2024-03-01,2024,3,Março,Goiânia,Centro-Oeste,-16.69,-49.26,25.0,16.1,20.6,71.5,138.6,16.8,1022.5
2020-09-01,2020,9,Setembro,Brasília,Centro-Oeste,-15.78,-47.93,21.5,14.9,18.2,77.2,91.6,7.4,1014.3
2020-07-01,2020,7,Julho,Belo Horizonte,Sudeste,-19.92,-43.94,21.7,12.2,17.0,71.1,163.3,27.8,1020.4
2022-10-01,2022,10,Outubro,Teresina,Nordeste,-5.09,-42.8,27.3,18.5,22.9,52.8,43.4,20.3,1021.9
2023-04-01,2023,4,Abril,Manaus,Norte,-3.1,-60.02,31.5,23.4,27.4,84.3,294.4,8.0,1019.8
2022-07-01,2022,7,Julho,Manaus,Norte,-3.1,-60.02,30.7,22.2,22.799999999999997,90.2,273.1,27.7,1006.6
2020-03-01,2020,3,Março,Fortaleza,Nordeste,-3.72,-38.54,34.4,27.9,31.2,50.0,83.4,29.7,1011.4
2022-06-01,2022,6,Junho,Porto Alegre,Sul,-30.03,-51.23,17.1,9.8,13.4,70.3,83.2,23.5,1012.1
2022-03-01,2022,3,Março,Belo Horizonte,Sudeste,-19.92,-43.94,22.4,14.7,18.5,69.4,114.5,24.4,1015.1
2021-05-01,2021,5,Maio,Porto Velho,Norte,-8.76,-63.9,30.1,21.0,25.6,78.4,251.4,15.2,1012.9
2020-11-01,2020,11,Novembro,Recife,Nordeste,-8.05,-34.88,25.0,18.5,21.8,59.8,92.15,9.0,1018.6
2021-12-01,2021,12,Dezembro,Vitória,Sudeste,-20.32,-40.34,24.4,12.5,18.4,67.7,61.5,19.2,1011.5
2023-03-01,2023,3,Março,Porto Alegre,Sul,-30.03,-51.23,14.5,5.0,9.8,80.5,73.0,28.9,1017.1
2021-03-01,2021,3,Março,São Paulo,Sudeste,-23.55,-46.63,22.3,10.5,16.4,74.9,92.8,14.1,1010.2
2022-04-01,2022,4,Abril,Porto Alegre,Sul,-30.03,-51.23,13.5,4.4,9.0,70.0,104.8,18.6,1015.6
2024-03-01,2024,3,Março,Florianópolis,Sul,-27.6,-48.55,16.4,5.3,10.8,76.1,109.6,25.4,1002.6
2024-01-01,2024,1,Janeiro,Maceió,Nordeste,-9.67,-35.74,26.3,16.5,21.4,59.6,89.1,21.0,1009.9
2020-04-01,2020,4,Abril,Manaus,Norte,-3.1,-60.02,29.1,19.0,24.0,83.5,245.4,19.9,1012.2
2024-04-01,2024,4,Abril,Belém,Norte,-1.45,-48.5,29.4,18.0,23.7,81.2,284.7,5.9,1009.7
2020-12-01,2020,12,Dezembro,Goiânia,Centro-Oeste,-16.69,-49.26,24.4,17.0,20.7,68.7,58.5,11.9,1006.4
2020-01-01,2020,1,Janeiro,Porto Alegre,Sul,-30.03,-51.23,19.6,8.7,14.2,75.5,171.5,17.1,1010.3
2024-05-01,2024,5,Maio,Campo Grande,Centro-Oeste,-20.44,-54.65,30.5,19.4,25.0,68.0,141.5,29.9,1012.5
2023-05-01,2023,5,Maio,Rio de Janeiro,Sudeste,-22.91,-43.17,26.7,15.9,21.3,65.6,174.4,10.0,1013.7
2021-11-01,2021,11,Novembro,Natal,Nordeste,-5.79,-35.21,25.0,17.8,21.4,60.6,62.6,13.0,1009.6
2020-06-01,2020,6,Junho,São Paulo,Sudeste,-23.55,-46.63,21.0,9.4,15.2,76.5,204.3,16.1,1012.1
2021-05-01,2021,5,Maio,Salvador,Nordeste,-12.97,-38.51,29.5,22.6,26.0,55.5,208.7,29.4,1017.6
2024-04-01,2024,4,Abril,Teresina,Nordeste,-5.09,-42.8,33.2,21.3,27.2,53.6,72.7,11.4,1010.2
2022-10-01,2022,10,Outubro,Maceió,Nordeste,-9.67,-35.74,24.7,17.6,21.2,66.9,170.0,28.4,1019.2
2021-03-01,2021,3,Março,Recife,Nordeste,-8.05,-34.88,32.1,21.2,26.6,61.8,109.9,6.3,1011.1
2021-08-01,2021,8,Agosto,São Luís,Nordeste,-2.53,-44.3,28.7,20.6,24.6,57.2,170.7,9.4,1015.4
2021-11-01,2021,11,Novembro,São Luís,Nordeste,-2.53,-44.3,25.3,15.2,20.2,64.0,124.0,23.3,1012.2
2021-01-01,2021,1,Janeiro,Curitiba,Sul,-25.43,-49.27,16.6,7.1,11.9,89.4,103.4,28.5,1015.2
2021-08-01,2021,8,Agosto,Recife,Nordeste,-8.05,-34.88,28.7,17.3,23.0,55.0,190.8,28.7,1003.8
2022-11-01,2022,11,Novembro,Natal,Nordeste,-5.79,-35.21,23.5,14.3,18.9,47.5,24.9,29.2,1009.1
2024-07-01,2024,7,Julho,Cuiabá,Centro-Oeste,-15.6,-56.1,25.8,16.5,21.2,62.1,156.0,34.7,1010.0
2020-06-01,2020,6,Junho,Manaus,Norte,-3.1,-60.02,26.5,15.5,21.0,81.4,261.6,21.3,1008.6
2023-05-01,2023,5,Maio,Belém,Norte,-1.45,-48.5,28.2,21.9,25.0,85.9,313.8,27.7,1007.1
2020-05-01,2020,5,Maio,São Luís,Nordeste,-2.53,-44.3,29.6,19.4,24.5,62.6,253.8,9.0,1014.7
2024-12-01,2024,12,Dezembro,Vitória,Sudeste,-20.32,-40.34,22.2,10.7,16.4,68.6,115.7,19.7,1015.5
2021-07-01,2021,7,Julho,Natal,Nordeste,-5.79,-35.21,26.6,16.5,21.6,51.9,155.6,7.7,1012.2
2024-09-01,2024,9,Setembro,Teresina,Nordeste,-5.09,-42.8,27.3,17.3,22.3,51.1,35.9,6.5,1000.7
2022-09-01,2022,9,Setembro,São Paulo,Sudeste,-23.55,-46.63,16.7,6.8,11.8,75.9,145.9,15.6,1017.9
2020-04-01,2020,4,Abril,São Luís,Nordeste,-2.53,-44.3,29.4,19.2,24.3,48.0,182.6,23.4,1010.9
2022-05-01,2022,5,Maio,Rio de Janeiro,Sudeste,-22.91,-43.17,24.5,13.2,18.8,72.9,154.7,23.3,1008.1
2021-01-01,2021,1,Janeiro,Brasília,Centro-Oeste,-15.78,-47.93,19.8,12.3,16.0,59.4,73.2,21.3,1019.5
2021-10-01,2021,10,Outubro,Porto Alegre,Sul,-30.03,-51.23,21.3,9.5,15.4,74.4,36.5,20.6,1015.5
2024-12-01,2024,12,Dezembro,Belo Horizonte,Sudeste,-19.92,-43.94,21.6,10.5,16.0,72.6,86.8,20.3,1013.6
2022-11-01,2022,11,Novembro,Vitória,Sudeste,-20.32,-40.34,21.7,13.7,17.7,78.1,31.2,29.3,1013.9
2023-12-01,2023,12,Dezembro,Macapá,Norte,0.03,-51.07,28.0,17.2,20.700000000000003,93.5,212.9,6.8,1013.0
2020-06-01,2020,6,Junho,Florianópolis,Sul,-27.6,-48.55,14.9,5.6,10.2,77.0,71.5,8.0,1015.4
2023-03-01,2023,3,Março,Natal,Nordeste,-5.79,-35.21,29.6,18.3,24.0,47.7,113.1,19.5,1013.2
2020-11-01,2020,11,Novembro,Cuiabá,Centro-Oeste,-15.6,-56.1,27.3,20.7,24.0,68.0,42.9,27.9,1017.4
2023-03-01,2023,3,Março,Florianópolis,Sul,-27.6,-48.55,15.7,7.1,11.4,80.9,73.9,26.8,1021.4
2020-07-01,2020,7,Julho,Belém,Norte,-1.45,-48.5,27.6,17.6,22.6,77.9,258.8,31.3,1014.8
2020-01-01,2020,1,Janeiro,Vitória,Sudeste,-20.32,-40.34,24.8,16.1,20.5,68.1,100.8,7.8,1008.8
2020-08-01,2020,8,Agosto,Belém,Norte,-1.45,-48.5,22.9,12.4,17.6,78.2,258.6,32.0,1013.1
2020-02-01,2020,2,Fevereiro,Campo Grande,Centro-Oeste,-20.44,-54.65,25.3,17.0,21.2,79.1,152.4,21.6,1001.8
2022-08-01,2022,8,Agosto,Macapá,Norte,0.03,-51.07,25.2,15.2,20.2,87.9,303.6,7.8,1018.4
2021-01-01,2021,1,Janeiro,Manaus,Norte,-3.1,-60.02,27.0,15.3,21.2,81.0,211.4,26.1,1002.9
2021-06-01,2021,6,Junho,Natal,Nordeste,-5.79,-35.21,27.1,19.7,23.4,54.7,137.3,20.6,1022.3
2020-04-01,2020,4,Abril,Campo Grande,Centro-Oeste,-20.44,-54.65,27.0,15.2,21.1,78.1,163.2,6.9,1013.1
2024-12-01,2024,12,Dezembro,Fortaleza,Nordeste,-3.72,-38.54,27.7,20.3,24.0,55.0,5.5,26.9,1012.5
2021-09-01,2021,9,Setembro,Teresina,Nordeste,-5.09,-42.8,29.3,18.6,24.0,56.9,65.1,9.7,1015.0
2022-12-01,2022,12,Dezembro,Goiânia,Centro-Oeste,-16.69,-49.26,22.6,13.4,18.0,74.9,121.7,24.5,1017.5
2021-11-01,2021,11,Novembro,São Paulo,Sudeste,-23.55,-46.63,18.0,10.0,14.0,73.5,93.8,10.6,1011.8
2023-11-01,2023,11,Novembro,Porto Alegre,Sul,-30.03,-51.23,19.9,13.5,16.7,76.4,120.9,32.4,1012.3
2022-06-01,2022,6,Junho,Campo Grande,Centro-Oeste,-20.44,-54.65,23.2,14.8,19.0,77.2,207.5,28.2,1009.8
2021-10-01,2021,10,Outubro,Belo Horizonte,Sudeste,-19.92,-43.94,16.9,10.1,14.5,77.3,126.8,25.6,1015.2
2020-03-01,2020,3,Março,Goiânia,Centro-Oeste,-16.69,-49.26,25.4,15.4,20.4,74.2,142.4,32.4,1009.0
2024-05-01,2024,5,Maio,Curitiba,Sul,-25.43,-49.27,16.4,6.2,11.3,85.9,81.0,20.5,999.4
2022-01-01,2022,1,Janeiro,Natal,Nordeste,-5.79,-35.21,26.3,18.9,22.6,46.1,5.5,6.6,1017.0
2023-12-01,2023,12,Dezembro,Porto Alegre,Sul,-30.03,-51.23,19.9,13.6,16.8,76.7,94.7,21.8,1010.9
2021-04-01,2021,4,Abril,Porto Alegre,Sul,-30.03,-51.23,17.8,9.2,13.5,78.9,49.1,25.9,1013.4
2023-06-01,2023,6,Junho,Vitória,Sudeste,-20.32,-40.34,23.4,13.5,18.4,78.1,176.7,12.6,1017.9
2020-03-01,2020,3,Março,Curitiba,Sul,-25.43,-49.27,13.9,2.7,8.3,75.2,126.2,30.7,1010.4
2022-10-01,2022,10,Outubro,Curitiba,Sul,-25.43,-49.27,21.5,14.7,18.1,91.2,84.2,31.6,1013.8
2024-12-01,2024,12,Dezembro,Curitiba,Sul,-25.43,-49.27,19.9,11.5,15.7,91.2,107.7,27.9,1013.5
2024-01-01,2024,1,Janeiro,Vitória,Sudeste,-20.32,-40.34,23.9,12.0,18.0,79.1,76.7,28.8,1006.9
2020-04-01,2020,4,Abril,Porto Alegre,Sul,-30.03,-51.23,16.3,5.7,11.0,77.7,48.8,7.2,1011.5
2022-10-01,2022,10,Outubro,Fortaleza,Nordeste,-3.72,-38.54,25.5,13.9,19.7,48.6,84.3,23.2,1012.1
2024-11-01,2024,11,Novembro,Campo Grande,Centro-Oeste,-20.44,-54.65,23.2,15.1,19.2,78.6,119.8,18.0,1009.3
2020-04-01,2020,4,Abril,Goiânia,Centro-Oeste,-16.69,-49.26,25.2,15.0,20.1,64.9,129.1,15.4,1018.4
2020-03-01,2020,3,Março,Salvador,Nordeste,-12.97,-38.51,26.5,18.8,22.6,69.3,196.4,31.1,1006.7
2024-10-01,2024,10,Outubro,Macapá,Norte,0.03,-51.07,24.8,13.6,19.2,79.7,259.8,33.3,1013.8
2020-11-01,2020,11,Novembro,Curitiba,Sul,-25.43,-49.27,19.4,8.8,14.1,90.6,90.4,8.2,1007.1
2021-07-01,2021,7,Julho,Teresina,Nordeste,-5.09,-42.8,30.3,24.0,27.2,49.8,89.0,30.1,1013.8
2020-03-01,2020,3,Março,Manaus,Norte,-3.1,-60.02,28.3,19.6,24.0,77.9,231.1,20.4,1016.0
2020-07-01,2020,7,Julho,Manaus,Norte,-3.1,-60.02,26.5,20.5,23.5,88.1,312.5,26.9,1017.4
2020-11-01,2020,11,Novembro,Salvador,Nordeste,-12.97,-38.51,23.8,13.6,18.7,63.6,126.0,17.3,1006.8
2020-12-01,2020,12,Dezembro,Recife,Nordeste,-8.05,-34.88,23.8,17.4,20.6,52.6,138.4,25.3,1017.0
2022-01-01,2022,1,Janeiro,Florianópolis,Sul,-27.6,-48.55,19.5,10.9,15.2,83.9,107.0,20.4,1015.6
2023-07-01,2023,7,Julho,Florianópolis,Sul,-27.6,-48.55,20.0,10.2,15.1,79.2,70.9,21.0,1011.9
2022-12-01,2022,12,Dezembro,Macapá,Norte,0.03,-51.07,25.9,14.7,20.3,81.0,165.7,16.5,1015.3
2024-09-01,2024,9,Setembro,Maceió,Nordeste,-9.67,-35.74,27.1,19.8,23.5,63.6,130.3,32.8,1007.2
2022-04-01,2022,4,Abril,Manaus,Norte,-3.1,-60.02,30.1,19.5,24.8,79.6,292.5,7.6,1006.6
2020-11-01,2020,11,Novembro,São Paulo,Sudeste,-23.55,-46.63,18.9,12.1,15.5,59.7,63.1,29.6,1010.3
2024-02-01,2024,2,Fevereiro,Maceió,Nordeste,-9.67,-35.74,28.9,17.6,23.2,71.6,165.9,23.9,1005.6
2022-05-01,2022,5,Maio,Porto Alegre,Sul,-30.03,-51.23,15.9,9.6,12.8,88.6,38.0,13.5,1008.9
2024-03-01,2024,3,Março,Natal,Nordeste,-5.79,-35.21,29.6,17.6,23.6,50.4,68.8,20.0,1016.3
2020-06-01,2020,6,Junho,Brasília,Centro-Oeste,-15.78,-47.93,23.0,12.8,17.9,73.0,256.5,13.0,1001.0
2021-05-01,2021,5,Maio,Fortaleza,Nordeste,-3.72,-38.54,30.8,20.0,25.4,48.4,151.5,17.1,1008.9
2022-02-01,2022,2,Fevereiro,Manaus,Norte,-3.1,-60.02,29.5,18.7,24.1,100.0,263.9,28.9,1017.9
2023-01-01,2023,1,Janeiro,Recife,Nordeste,-8.05,-34.88,28.2,20.1,24.2,69.7,146.7,13.3,1011.5
2023-12-01,2023,12,Dezembro,Manaus,Norte,-3.1,-60.02,26.1,17.6,21.8,91.2,194.7,30.9,1012.7
2023-11-01,2023,11,Novembro,Belém,Norte,-1.45,-48.5,25.1,15.3,20.2,80.2,257.6,21.2,1006.2
2021-07-01,2021,7,Julho,Rio de Janeiro,Sudeste,-22.91,-43.17,23.6,15.4,19.5,67.5,169.4,24.3,1019.9
2024-08-01,2024,8,Agosto,Manaus,Norte,-3.1,-60.02,25.2,14.0,19.6,86.1,301.5,27.4,1009.9
2023-01-01,2023,1,Janeiro,Natal,Nordeste,-5.79,-35.21,25.9,15.9,20.9,53.2,64.4,22.6,1004.9
2022-10-01,2022,10,Outubro,Macapá,Norte,0.03,-51.07,24.0,14.2,19.1,83.4,240.3,29.9,1021.4
2020-01-01,2020,1,Janeiro,Porto Velho,Norte,-8.76,-63.9,26.0,14.1,20.0,82.1,144.0,28.7,1010.4
2022-03-01,2022,3,Março,Porto Alegre,Sul,-30.03,-51.23,11.6,1.9,6.8,80.0,90.3,31.1,1009.6
2023-04-01,2023,4,Abril,Teresina,Nordeste,-5.09,-42.8,32.2,21.7,27.0,45.9,85.6,14.9,1004.0
2021-01-01,2021,1,Janeiro,Belém,Norte,-1.45,-48.5,30.7,24.6,27.6,80.6,288.4,32.7,1016.0
2021-04-01,2021,4,Abril,Natal,Nordeste,-5.79,-35.21,29.2,20.8,25.0,59.5,105.5,13.6,1003.2
2023-10-01,2023,10,Outubro,Manaus,Norte,-3.1,-60.02,23.9,12.1,18.0,85.8,166.6,29.4,1014.8
2024-01-01,2024,1,Janeiro,Rio de Janeiro,Sudeste,-22.91,-43.17,21.6,13.1,17.4,76.6,49.5,33.3,1017.5
2023-08-01,2023,8,Agosto,Maceió,Nordeste,-9.67,-35.74,25.6,18.0,21.8,64.7,173.0,26.6,1016.6
2021-11-01,2021,11,Novembro,Brasília,Centro-Oeste,-15.78,-47.93,21.7,12.2,17.0,62.1,137.6,12.8,1016.5
2021-06-01,2021,6,Junho,Brasília,Centro-Oeste,-15.78,-47.93,21.2,10.2,15.7,62.4,207.7,15.0,1020.9
2024-12-01,2024,12,Dezembro,Campo Grande,Centro-Oeste,-20.44,-54.65,24.1,16.2,20.2,75.4,108.5,27.8,1007.6
2024-06-01,2024,6,Junho,Maceió,Nordeste,-9.67,-35.74,28.8,20.1,24.5,69.2,148.6,23.8,1012.7
2023-10-01,2023,10,Outubro,São Luís,Nordeste,-2.53,-44.3,25.8,18.8,22.3,53.7,148.5,11.6,1010.8
2020-04-01,2020,4,Abril,Curitiba,Sul,-25.43,-49.27,13.1,3.0,8.0,84.0,4.6,21.2,1022.3
2024-09-01,2024,9,Setembro,Florianópolis,Sul,-27.6,-48.55,22.3,13.2,17.8,76.5,121.8,5.3,1026.0
2022-06-01,2022,6,Junho,Cuiabá,Centro-Oeste,-15.6,-56.1,30.5,23.1,26.8,65.5,114.9,29.8,1012.2
2020-01-01,2020,1,Janeiro,Belém,Norte,-1.45,-48.5,26.0,18.9,22.4,77.6,210.1,31.9,1010.3
2022-09-01,2022,9,Setembro,Belém,Norte,-1.45,-48.5,26.1,18.6,22.4,82.3,234.2,34.6,1012.7
2020-12-01,2020,12,Dezembro,Teresina,Nordeste,-5.09,-42.8,26.7,19.2,23.0,46.5,55.5,11.2,1011.7
2021-03-01,2021,3,Março,Macapá,Norte,0.03,-51.07,28.8,21.9,25.4,83.2,240.1,27.5,1002.9
2023-05-01,2023,5,Maio,Fortaleza,Nordeste,-3.72,-38.54,31.8,21.4,26.6,62.3,144.4,19.9,1007.4
2024-12-01,2024,12,Dezembro,Recife,Nordeste,-8.05,-34.88,25.7,19.6,22.6,53.1,111.0,33.4,1016.4
2023-04-01,2023,4,Abril,Maceió,Nordeste,-9.67,-35.74,28.9,22.1,25.5,66.7,131.7,7.9,1015.7
2024-02-01,2024,2,Fevereiro,São Paulo,Sudeste,-23.55,-46.63,21.0,13.1,17.0,77.9,98.0,23.4,1011.1
2021-06-01,2021,6,Junho,Cuiabá,Centro-Oeste,-15.6,-56.1,26.8,15.8,21.3,69.9,216.3,8.6,1008.3
2020-03-01,2020,3,Março,Macapá,Norte,0.03,-51.07,29.3,17.7,23.5,87.6,256.7,12.8,1010.0
2024-03-01,2024,3,Março,Belém,Norte,-1.45,-48.5,27.2,15.5,21.4,84.4,273.3,33.3,1007.3
2021-11-01,2021,11,Novembro,Cuiabá,Centro-Oeste,-15.6,-56.1,24.0,15.8,19.9,69.1,97.0,10.2,1012.9
2020-02-01,2020,2,Fevereiro,Goiânia,Centro-Oeste,-16.69,-49.26,24.9,16.4,20.6,73.4,117.9,27.6,1019.1
2022-01-01,2022,1,Janeiro,Macapá,Norte,0.03,-51.07,26.0,15.4,20.7,75.8,241.5,18.3,1014.2
2021-08-01,2021,8,Agosto,Florianópolis,Sul,-27.6,-48.55,17.1,6.8,12.0,83.4,86.6,23.5,1009.5
2022-04-01,2022,4,Abril,Rio de Janeiro,Sudeste,-22.91,-43.17,26.7,17.2,22.0,60.1,154.4,23.3,1018.7
2020-06-01,2020,6,Junho,Teresina,Nordeste,-5.09,-42.8,32.9,21.8,27.4,48.7,129.5,8.9,1011.1
2020-03-01,2020,3,Março,Rio de Janeiro,Sudeste,-22.91,-43.17,30.1,19.6,24.8,75.9,92.3,15.9,1006.7
2023-09-01,2023,9,Setembro,Brasília,Centro-Oeste,-15.78,-47.93,18.6,10.6,14.6,64.3,120.9,20.5,1013.1
2020-11-01,2020,11,Novembro,Brasília,Centro-Oeste,-15.78,-47.93,19.7,8.8,14.2,70.2,22.0,6.8,1014.5
2024-07-01,2024,7,Julho,Teresina,Nordeste,-5.09,-42.8,31.2,23.0,27.1,54.9,75.3,22.3,1010.2
2020-04-01,2020,4,Abril,Macapá,Norte,0.03,-51.07,29.9,21.1,25.5,78.2,288.4,15.5,1014.7
2021-06-01,2021,6,Junho,Porto Velho,Norte,-8.76,-63.9,29.8,18.9,24.4,82.8,264.4,32.8,1015.0
2024-01-01,2024,1,Janeiro,Cuiabá,Centro-Oeste,-15.6,-56.1,26.6,15.3,21.0,62.6,31.4,24.5,1013.1
2021-09-01,2021,9,Setembro,Belém,Norte,-1.45,-48.5,26.2,20.0,21.35,86.4,258.9,25.2,1009.4
2024-07-01,2024,7,Julho,Belo Horizonte,Sudeste,-19.92,-43.94,20.9,9.5,15.2,69.1,153.3,7.0,1014.8
2020-09-01,2020,9,Setembro,Rio de Janeiro,Sudeste,-22.91,-43.17,22.2,11.3,16.8,69.1,109.3,26.8,1015.6
2020-02-01,2020,2,Fevereiro,Teresina,Nordeste,-5.09,-42.8,30.3,19.5,24.9,53.0,20.1,33.6,1016.8
2023-08-01,2023,8,Agosto,Teresina,Nordeste,-5.09,-42.8,29.3,20.0,24.6,57.4,34.0,5.6,1014.1
2020-01-01,2020,1,Janeiro,Maceió,Nordeste,-9.67,-35.74,24.6,16.5,20.6,63.3,100.8,8.7,1022.3
2023-10-01,2023,10,Outubro,Porto Velho,Norte,-8.76,-63.9,24.7,18.4,21.5,90.8,237.7,27.4,1022.0
2020-09-01,2020,9,Setembro,Fortaleza,Nordeste,-3.72,-38.54,26.6,19.2,22.9,55.1,143.8,24.3,1015.2
2020-08-01,2020,8,Agosto,Recife,Nordeste,-8.05,-34.88,27.7,16.8,22.2,59.0,205.4,28.5,1014.8
2022-08-01,2022,8,Agosto,São Paulo,Sudeste,-23.55,-46.63,18.8,6.8,12.8,81.6,214.8,25.0,1011.6
2024-01-01,2024,1,Janeiro,Teresina,Nordeste,-5.09,-42.8,29.8,21.3,25.6,52.6,37.4,14.0,1020.7
2022-11-01,2022,11,Novembro,Recife,Nordeste,-8.05,-34.88,24.1,16.4,20.2,59.3,54.8,15.0,1009.7
2023-02-01,2023,2,Fevereiro,Belém,Norte,-1.45,-48.5,27.6,19.1,23.4,87.3,227.8,8.3,1017.0
2024-12-01,2024,12,Dezembro,Teresina,Nordeste,-5.09,-42.8,29.2,22.0,25.6,47.5,8.9,26.8,1001.4
2022-01-01,2022,1,Janeiro,Goiânia,Centro-Oeste,-16.69,-49.26,22.9,14.2,18.5,68.4,105.69999999999999,8.1,1011.9
2021-12-01,2021,12,Dezembro,Rio de Janeiro,Sudeste,-22.91,-43.17,23.1,13.5,18.3,68.5,53.7,8.2,1015.0
2021-12-01,2021,12,Dezembro,São Paulo,Sudeste,-23.55,-46.63,20.7,8.8,14.8,73.7,52.7,26.5,1016.9
2022-10-01,2022,10,Outubro,Rio de Janeiro,Sudeste,-22.91,-43.17,23.3,14.6,19.0,74.2,86.0,18.7,1013.6
2022-11-01,2022,11,Novembro,Curitiba,Sul,-25.43,-49.27,18.6,10.3,14.4,80.0,149.9,18.5,1012.8
2024-01-01,2024,1,Janeiro,Florianópolis,Sul,-27.6,-48.55,18.5,9.7,14.1,77.6,152.6,22.5,999.5
2024-08-01,2024,8,Agosto,Porto Alegre,Sul,-30.03,-51.23,18.9,11.3,15.1,76.6,61.2,6.1,1009.5
2020-03-01,2020,3,Março,Recife,Nordeste,-8.05,-34.88,28.5,18.5,23.5,67.5,115.5,9.8,1005.0
2020-06-01,2020,6,Junho,Vitória,Sudeste,-20.32,-40.34,23.2,15.3,19.2,85.5,108.2,27.7,1013.2
2022-05-01,2022,5,Maio,Salvador,Nordeste,-12.97,-38.51,28.5,21.9,25.2,63.0,195.2,13.9,1010.4
2024-08-01,2024,8,Agosto,Macapá,Norte,0.03,-51.07,23.4,15.6,19.5,83.9,301.7,8.6,1004.3
2022-08-01,2022,8,Agosto,Rio de Janeiro,Sudeste,-22.91,-43.17,21.7,15.2,18.4,73.5,184.5,21.7,1009.1
2022-05-01,2022,5,Maio,Cuiabá,Centro-Oeste,-15.6,-56.1,28.1,19.0,23.6,64.3,221.3,24.8,1011.7
2020-06-01,2020,6,Junho,Recife,Nordeste,-8.05,-34.88,32.0,21.5,26.8,62.7,206.8,29.8,1005.3
2023-06-01,2023,6,Junho,São Paulo,Sudeste,-23.55,-46.63,20.8,11.8,16.3,86.0,175.8,9.8,1009.0
2024-06-01,2024,6,Junho,Belo Horizonte,Sudeste,-19.92,-43.94,22.3,14.5,18.4,67.8,120.1,25.2,1019.1
2020-10-01,2020,10,Outubro,Fortaleza,Nordeste,-3.72,-38.54,27.2,16.1,21.6,56.3,19.9,34.4,1008.3
2022-02-01,2022,2,Fevereiro,São Paulo,Sudeste,-23.55,-46.63,18.8,8.6,13.7,75.0,83.2,12.1,1008.1
2023-12-01,2023,12,Dezembro,Belo Horizonte,Sudeste,-19.92,-43.94,20.8,14.5,17.6,67.1,64.5,12.2,1011.0
2020-12-01,2020,12,Dezembro,Belém,Norte,-1.45,-48.5,24.6,17.5,21.0,73.8,233.1,17.0,1017.2
2022-11-01,2022,11,Novembro,Belém,Norte,-1.45,-48.5,26.2,20.0,23.1,77.4,192.8,8.6,1015.5
2020-12-01,2020,12,Dezembro,Vitória,Sudeste,-20.32,-40.34,22.4,11.3,16.8,73.0,32.3,10.3,1015.2
2022-10-01,2022,10,Outubro,Manaus,Norte,-3.1,-60.02,25.1,13.5,19.3,83.1,167.1,24.3,1019.4
2023-03-01,2023,3,Março,São Paulo,Sudeste,-23.55,-46.63,20.5,10.7,15.6,73.8,125.9,23.0,1018.6
2022-05-01,2022,5,Maio,São Luís,Nordeste,-2.53,-44.3,29.7,23.4,26.6,65.5,275.1,18.5,1008.3
2022-02-01,2022,2,Fevereiro,São Luís,Nordeste,-2.53,-44.3,31.2,23.2,27.2,56.7,182.5,6.5,1014.2
2023-11-01,2023,11,Novembro,Rio de Janeiro,Sudeste,-22.91,-43.17,23.0,14.6,18.8,72.6,99.7,28.3,1012.1
2024-03-01,2024,3,Março,Brasília,Centro-Oeste,-15.78,-47.93,20.5,13.1,16.8,66.0,100.9,25.4,1015.0
2024-01-01,2024,1,Janeiro,Campo Grande,Centro-Oeste,-20.44,-54.65,22.8,13.8,18.3,84.3,76.9,24.0,1015.7
2021-06-01,2021,6,Junho,Belém,Norte,-1.45,-48.5,27.8,21.3,24.6,74.5,332.0,22.9,1013.8
2022-01-01,2022,1,Janeiro,Belém,Norte,-1.45,-48.5,26.9,15.5,21.2,85.5,224.9,5.7,1019.7
2021-02-01,2021,2,Fevereiro,Brasília,Centro-Oeste,-15.78,-47.93,24.2,15.9,20.0,65.1,67.0,16.0,1000.7
2021-11-01,2021,11,Novembro,Belém,Norte,-1.45,-48.5,25.7,19.6,22.6,78.5,184.9,31.8,1021.8
2023-02-01,2023,2,Fevereiro,São Luís,Nordeste,-2.53,-44.3,28.6,21.1,24.8,59.9,106.4,9.1,1009.7
2020-01-01,2020,1,Janeiro,Campo Grande,Centro-Oeste,-20.44,-54.65,22.7,15.3,19.0,62.6,98.1,34.4,1017.8
2020-02-01,2020,2,Fevereiro,São Paulo,Sudeste,-23.55,-46.63,21.8,10.7,16.2,78.6,132.9,10.3,1020.5
2021-05-01,2021,5,Maio,São Luís,Nordeste,-2.53,-44.3,29.2,21.5,25.4,55.5,183.4,21.3,1005.0
2020-05-01,2020,5,Maio,Goiânia,Centro-Oeste,-16.69,-49.26,25.6,15.6,20.6,70.8,165.2,20.7,1018.6
2023-03-01,2023,3,Março,Belo Horizonte,Sudeste,-19.92,-43.94,25.3,18.6,22.0,71.5,105.8,11.2,1021.4
2023-09-01,2023,9,Setembro,Salvador,Nordeste,-12.97,-38.51,27.3,17.6,22.5,62.7,140.0,24.0,1013.5
2022-07-01,2022,7,Julho,Curitiba,Sul,-25.43,-49.27,15.2,10.3,15.2,89.0,70.3,20.6,1019.7
2021-05-01,2021,5,Maio,Goiânia,Centro-Oeste,-16.69,-49.26,23.5,17.3,20.4,62.4,228.6,8.4,1015.2
2020-06-01,2020,6,Junho,Campo Grande,Centro-Oeste,-20.44,-54.65,24.6,14.7,19.6,83.6,218.6,20.7,1005.0
2023-09-01,2023,9,Setembro,Belém,Norte,-1.45,-48.5,25.7,14.9,20.3,78.2,308.0,31.0,1015.1
2020-10-01,2020,10,Outubro,Natal,Nordeste,-5.79,-35.21,23.9,13.3,18.6,50.1,121.2,7.7,1005.8
2024-11-01,2024,11,Novembro,Rio de Janeiro,Sudeste,-22.91,-43.17,23.1,15.5,19.3,68.7,36.9,23.4,1007.6
2021-01-01,2021,1,Janeiro,Campo Grande,Centro-Oeste,-20.44,-54.65,23.2,13.7,18.4,70.8,103.0,32.2,1004.6
2020-03-01,2020,3,Março,Belém,Norte,-1.45,-48.5,26.7,16.1,21.4,82.7,263.1,17.8,1008.0
2023-06-01,2023,6,Junho,Fortaleza,Nordeste,-3.72,-38.54,30.3,19.4,24.8,56.5,47.4,34.9,1015.9
2024-08-01,2024,8,Agosto,Cuiabá,Centro-Oeste,-15.6,-56.1,23.6,12.4,18.0,66.9,139.7,19.2,1020.7
2024-11-01,2024,11,Novembro,Macapá,Norte,0.03,-51.07,25.9,14.8,20.4,85.6,189.7,12.6,1015.1
2023-08-01,2023,8,Agosto,Macapá,Norte,0.03,-51.07,24.4,16.4,20.4,90.3,280.3,26.9,1020.2
2022-02-01,2022,2,Fevereiro,Porto Velho,Norte,-8.76,-63.9,27.2,20.7,24.0,79.0,161.0,15.6,1009.4
2022-09-01,2022,9,Setembro,Curitiba,Sul,-25.43,-49.27,20.4,11.2,15.8,77.6,73.9,27.3,1012.4
2021-02-01,2021,2,Fevereiro,Salvador,Nordeste,-12.97,-38.51,29.1,17.1,23.1,68.5,86.2,30.1,1017.4
2024-11-01,2024,11,Novembro,Belém,Norte,-1.45,-48.5,24.9,14.6,19.8,76.8,246.8,29.1,1016.4
2022-01-01,2022,1,Janeiro,Rio de Janeiro,Sudeste,-22.91,-43.17,24.2,16.0,20.1,78.2,70.2,22.6,1009.9
2020-11-01,2020,11,Novembro,Fortaleza,Nordeste,-3.72,-38.54,28.2,19.0,23.6,50.5,39.9,25.7,1011.1
2020-12-01,2020,12,Dezembro,Florianópolis,Sul,-27.6,-48.55,20.2,12.4,16.3,87.5,61.4,8.2,1010.6
2020-10-01,2020,10,Outubro,Manaus,Norte,-3.1,-60.02,25.1,17.2,21.2,83.5,251.1,12.5,1013.1
2022-06-01,2022,6,Junho,São Luís,Nordeste,-2.53,-44.3,29.7,22.5,26.1,68.1,262.3,19.5,1008.8
2021-04-01,2021,4,Abril,Fortaleza,Nordeste,-3.72,-38.54,30.6,19.9,25.2,47.3,115.2,30.1,1018.3
2024-06-01,2024,6,Junho,Teresina,Nordeste,-5.09,-42.8,29.9,20.5,25.2,49.9,77.0,18.3,1013.0
2022-06-01,2022,6,Junho,Salvador,Nordeste,-12.97,-38.51,29.3,21.1,25.2,65.8,226.7,14.6,1024.8
2024-11-01,2024,11,Novembro,Cuiabá,Centro-Oeste,-15.6,-56.1,26.9,16.2,21.5,70.3,104.4,34.4,1004.0
2023-07-01,2023,7,Julho,Belo Horizonte,Sudeste,-19.92,-43.94,22.1,14.8,18.5,73.3,181.0,29.3,1000.4
2021-06-01,2021,6,Junho,Teresina,Nordeste,-5.09,-42.8,32.6,25.8,29.2,54.7,103.7,14.0,1014.3
2023-05-01,2023,5,Maio,São Luís,Nordeste,-2.53,-44.3,28.4,21.3,24.8,66.3,214.8,19.3,1004.2
2021-05-01,2021,5,Maio,Curitiba,Sul,-25.43,-49.27,16.4,8.1,12.2,82.7,87.0,11.8,1008.6
2022-01-01,2022,1,Janeiro,Porto Velho,Norte,-8.76,-63.9,25.3,16.7,21.0,88.2,204.3,34.7,1018.5
2021-10-01,2021,10,Outubro,Maceió,Nordeste,-9.67,-35.74,23.7,13.9,18.8,65.2,110.3,13.8,1009.0
2021-08-01,2021,8,Agosto,Curitiba,Sul,-25.43,-49.27,19.2,11.5,15.4,86.0,34.2,32.5,1013.5
2024-12-01,2024,12,Dezembro,Maceió,Nordeste,-9.67,-35.74,25.6,17.6,21.6,66.2,79.2,9.8,1014.4
2024-10-01,2024,10,Outubro,Porto Velho,Norte,-8.76,-63.9,25.8,19.1,22.5,82.9,228.4,16.5,1011.5
2021-02-01,2021,2,Fevereiro,Florianópolis,Sul,-27.6,-48.55,18.1,7.6,12.8,77.5,66.0,12.5,1013.9
2024-04-01,2024,4,Abril,Porto Alegre,Sul,-30.03,-51.23,14.4,3.3,8.8,81.0,40.6,10.7,1015.5
2020-10-01,2020,10,Outubro,Cuiabá,Centro-Oeste,-15.6,-56.1,25.4,19.1,22.2,66.1,88.9,31.4,1013.6
2024-01-01,2024,1,Janeiro,Brasília,Centro-Oeste,-15.78,-47.93,24.2,17.8,21.0,76.1,88.9,21.2,1013.7
2024-06-01,2024,6,Junho,Florianópolis,Sul,-27.6,-48.55,18.7,10.7,14.7,88.4,25.0,10.0,1012.0
2020-08-01,2020,8,Agosto,Manaus,Norte,-3.1,-60.02,26.7,18.7,22.7,89.9,270.7,14.8,1010.9
2021-05-01,2021,5,Maio,Brasília,Centro-Oeste,-15.78,-47.93,25.2,14.0,19.6,62.5,123.3,12.7,1010.6
2020-08-01,2020,8,Agosto,Brasília,Centro-Oeste,-15.78,-47.93,20.1,10.9,15.5,79.1,144.0,16.2,1019.0
2020-11-01,2020,11,Novembro,Belo Horizonte,Sudeste,-19.92,-43.94,20.9,12.4,16.6,69.4,94.1,10.8,1018.7
2024-10-01,2024,10,Outubro,Recife,Nordeste,-8.05,-34.88,26.3,15.6,21.0,60.0,129.6,18.3,1007.7
2022-06-01,2022,6,Junho,Recife,Nordeste,-8.05,-34.88,27.3,15.6,21.4,64.7,206.3,32.7,1015.9
2021-07-01,2021,7,Julho,Cuiabá,Centro-Oeste,-15.6,-56.1,25.9,17.7,20.65,64.1,208.1,9.8,1019.1
2024-08-01,2024,8,Agosto,Rio de Janeiro,Sudeste,-22.91,-43.17,25.3,13.6,19.4,66.8,123.2,28.9,1004.7
2022-01-01,2022,1,Janeiro,São Paulo,Sudeste,-23.55,-46.63,21.5,12.6,17.0,79.2,130.6,25.4,1013.1
2021-07-01,2021,7,Julho,Fortaleza,Nordeste,-3.72,-38.54,25.7,14.6,20.2,63.1,139.6,11.9,1016.3
2021-12-01,2021,12,Dezembro,Belo Horizonte,Sudeste,-19.92,-43.94,24.1,13.9,19.0,70.9,75.5,18.5,1019.9
2021-01-01,2021,1,Janeiro,Salvador,Nordeste,-12.97,-38.51,24.7,18.6,21.6,66.6,136.5,30.2,1002.5
2023-11-01,2023,11,Novembro,São Paulo,Sudeste,-23.55,-46.63,14.9,6.7,10.8,73.7,95.6,20.2,1011.0
2020-11-01,2020,11,Novembro,Porto Alegre,Sul,-30.03,-51.23,22.9,12.4,17.6,80.8,152.6,19.6,1021.9
2022-05-01,2022,5,Maio,Vitória,Sudeste,-20.32,-40.34,26.6,18.1,22.4,73.9,164.5,12.7,1014.5
2023-10-01,2023,10,Outubro,Maceió,Nordeste,-9.67,-35.74,25.7,13.7,19.7,62.1,93.4,24.9,1008.8
2023-01-01,2023,1,Janeiro,Rio de Janeiro,Sudeste,-22.91,-43.17,24.2,12.9,18.6,72.4,31.3,20.4,1019.9
2022-07-01,2022,7,Julho,Campo Grande,Centro-Oeste,-20.44,-54.65,26.2,19.0,22.6,71.8,227.0,33.6,1019.3
2021-06-01,2021,6,Junho,São Paulo,Sudeste,-23.55,-46.63,19.4,12.2,15.8,84.7,187.7,8.7,1008.3
2024-08-01,2024,8,Agosto,Curitiba,Sul,-25.43,-49.27,20.0,12.0,16.0,83.1,15.0,32.5,1017.1
2021-09-01,2021,9,Setembro,São Luís,Nordeste,-2.53,-44.3,24.0,14.2,19.1,54.5,150.9,22.9,1011.0
2024-04-01,2024,4,Abril,Maceió,Nordeste,-9.67,-35.74,31.7,24.8,25.1,62.4,130.9,20.5,1024.4
2024-06-01,2024,6,Junho,Porto Alegre,Sul,-30.03,-51.23,15.7,8.1,11.9,81.6,45.8,29.8,1010.1
2023-11-01,2023,11,Novembro,Macapá,Norte,0.03,-51.07,28.8,20.2,24.5,89.8,237.2,15.9,1013.9
2020-04-01,2020,4,Abril,Rio de Janeiro,Sudeste,-22.91,-43.17,27.2,15.8,21.5,61.9,156.3,11.4,1012.8
2024-01-01,2024,1,Janeiro,Macapá,Norte,0.03,-51.07,25.3,19.1,22.2,80.8,241.5,32.9,1016.9
2020-08-01,2020,8,Agosto,Porto Alegre,Sul,-30.03,-51.23,20.1,12.1,16.1,87.1,60.1,24.9,1011.4
2022-09-01,2022,9,Setembro,Macapá,Norte,0.03,-51.07,26.5,18.0,22.2,80.9,299.9,31.6,1019.6
2021-08-01,2021,8,Agosto,Belém,Norte,-1.45,-48.5,27.6,20.7,24.2,69.6,314.7,33.4,1011.7
2022-05-01,2022,5,Maio,Porto Velho,Norte,-8.76,-63.9,28.5,18.0,23.2,75.5,304.5,28.9,1006.9
2023-10-01,2023,10,Outubro,Curitiba,Sul,-25.43,-49.27,20.1,9.2,14.6,89.2,96.3,33.5,1012.1
2020-12-01,2020,12,Dezembro,Brasília,Centro-Oeste,-15.78,-47.93,21.0,11.6,16.3,67.9,16.5,11.5,1007.0
2020-01-01,2020,1,Janeiro,Florianópolis,Sul,-27.6,-48.55,22.8,12.7,17.8,87.5,162.1,5.9,1022.2
2021-10-01,2021,10,Outubro,Cuiabá,Centro-Oeste,-15.6,-56.1,25.9,18.6,22.2,62.2,125.2,13.3,1006.6
2024-08-01,2024,8,Agosto,Brasília,Centro-Oeste,-15.78,-47.93,21.1,12.2,16.6,67.9,101.5,17.2,1004.1
2021-02-01,2021,2,Fevereiro,Porto Velho,Norte,-8.76,-63.9,28.2,18.8,23.5,82.1,210.9,17.1,1014.8
2020-07-01,2020,7,Julho,Florianópolis,Sul,-27.6,-48.55,18.3,10.3,14.3,89.4,22.2,5.6,1014.1
2024-01-01,2024,1,Janeiro,Salvador,Nordeste,-12.97,-38.51,25.1,17.2,21.2,67.8,140.1,12.3,1012.1
2022-12-01,2022,12,Dezembro,Curitiba,Sul,-25.43,-49.27,21.0,13.0,17.0,84.9,163.7,7.2,1010.0
2022-04-01,2022,4,Abril,Maceió,Nordeste,-9.67,-35.74,29.0,20.9,25.0,53.9,199.7,26.5,1019.3
2022-06-01,2022,6,Junho,Belo Horizonte,Sudeste,-19.92,-43.94,22.0,11.3,16.6,76.0,151.2,6.0,1010.7
2022-01-01,2022,1,Janeiro,Maceió,Nordeste,-9.67,-35.74,28.3,20.3,24.3,58.2,104.6,5.7,1012.2
2021-02-01,2021,2,Fevereiro,Rio de Janeiro,Sudeste,-22.91,-43.17,25.2,15.6,20.4,68.6,143.5,9.6,1016.8
2023-12-01,2023,12,Dezembro,Recife,Nordeste,-8.05,-34.88,27.3,17.9,22.6,58.8,88.9,22.3,1011.7
2022-03-01,2022,3,Março,Salvador,Nordeste,-12.97,-38.51,27.4,19.0,23.2,76.1,91.8,26.9,1007.0
2020-01-01,2020,1,Janeiro,Manaus,Norte,-3.1,-60.02,28.2,17.8,23.0,84.3,171.6,9.7,1014.6
2020-01-01,2020,1,Janeiro,Salvador,Nordeste,-12.97,-38.51,27.9,21.9,24.9,55.2,116.7,22.0,1009.4
2024-01-01,2024,1,Janeiro,Curitiba,Sul,-25.43,-49.27,16.4,6.8,11.6,78.4,102.9,13.5,1010.4
2024-08-01,2024,8,Agosto,São Luís,Nordeste,-2.53,-44.3,28.4,21.9,25.2,57.0,225.1,12.7,1004.9
2024-06-01,2024,6,Junho,Vitória,Sudeste,-20.32,-40.34,27.0,15.6,21.3,69.3,211.5,26.7,1010.3
2024-01-01,2024,1,Janeiro,São Paulo,Sudeste,-23.55,-46.63,16.9,10.6,13.8,72.2,28.5,12.5,1012.0
2023-07-01,2023,7,Julho,São Paulo,Sudeste,-23.55,-46.63,22.1,15.2,18.6,82.1,203.7,12.1,1016.2
2021-08-01,2021,8,Agosto,São Paulo,Sudeste,-23.55,-46.63,18.1,9.1,13.6,68.4,258.3,12.7,1009.0
2023-12-01,2023,12,Dezembro,Rio de Janeiro,Sudeste,-22.91,-43.17,22.0,10.6,16.3,65.6,78.4,5.6,1009.4
2024-05-01,2024,5,Maio,Porto Velho,Norte,-8.76,-63.9,27.5,15.8,21.6,83.2,221.5,9.5,1007.5
2022-07-01,2022,7,Julho,São Luís,Nordeste,-2.53,-44.3,27.8,15.3,21.0,47.1,280.7,12.6,1014.1
2020-06-01,2020,6,Junho,Porto Velho,Norte,-8.76,-63.9,29.5,22.5,26.0,71.3,283.2,12.7,1012.6
2020-11-01,2020,11,Novembro,Florianópolis,Sul,-27.6,-48.55,23.2,14.0,18.6,79.6,76.1,16.1,1006.1
2024-03-01,2024,3,Março,Maceió,Nordeste,-9.67,-35.74,28.6,21.3,25.0,67.4,113.7,20.2,1018.7
2024-06-01,2024,6,Junho,Brasília,Centro-Oeste,-15.78,-47.93,24.8,13.6,19.2,62.1,170.8,11.7,1011.5
2022-07-01,2022,7,Julho,Belém,Norte,-1.45,-48.5,26.9,16.8,21.8,88.9,278.3,29.6,1011.0
2021-05-01,2021,5,Maio,Florianópolis,Sul,-27.6,-48.55,18.3,10.0,14.2,91.0,47.7,15.0,1014.5
2020-02-01,2020,2,Fevereiro,Macapá,Norte,0.03,-51.07,28.2,22.0,25.1,81.3,237.0,17.3,1007.3
2021-07-01,2021,7,Julho,Campo Grande,Centro-Oeste,-20.44,-54.65,25.5,14.4,18.75,63.5,165.2,24.7,1013.6
2024-07-01,2024,7,Julho,Salvador,Nordeste,-12.97,-38.51,24.4,18.1,21.2,70.4,193.2,15.7,1006.2
2020-12-01,2020,12,Dezembro,Fortaleza,Nordeste,-3.72,-38.54,24.7,14.1,19.4,51.4,41.7,33.9,1012.3
2020-10-01,2020,10,Outubro,Belém,Norte,-1.45,-48.5,25.7,19.5,22.6,75.7,299.3,31.3,1015.0
2020-12-01,2020,12,Dezembro,Porto Velho,Norte,-8.76,-63.9,25.5,16.5,21.0,81.8,196.9,22.1,1014.5
2020-01-01,2020,1,Janeiro,Recife,Nordeste,-8.05,-34.88,27.3,15.7,21.5,58.0,138.3,30.3,1011.0
2022-08-01,2022,8,Agosto,Campo Grande,Centro-Oeste,-20.44,-54.65,25.4,15.3,20.4,64.1,120.0,13.0,1020.8
2022-03-01,2022,3,Março,Recife,Nordeste,-8.05,-34.88,30.0,21.1,25.6,58.9,175.4,23.1,1012.0
2022-07-01,2022,7,Julho,Florianópolis,Sul,-27.6,-48.55,21.3,11.2,16.2,86.5,71.7,20.8,1019.4
2020-06-01,2020,6,Junho,Rio de Janeiro,Sudeste,-22.91,-43.17,23.5,17.2,20.4,82.7,160.8,22.7,1018.0
2021-08-01,2021,8,Agosto,Maceió,Nordeste,-9.67,-35.74,24.3,15.3,19.8,62.2,131.4,18.9,1008.8
2023-08-01,2023,8,Agosto,Florianópolis,Sul,-27.6,-48.55,22.4,10.9,16.6,90.1,68.4,21.3,1013.7
2020-05-01,2020,5,Maio,Salvador,Nordeste,-12.97,-38.51,29.2,19.7,24.4,63.1,237.4,12.4,1010.1
2021-04-01,2021,4,Abril,Maceió,Nordeste,-9.67,-35.74,27.5,15.6,21.6,57.0,131.9,20.2,1008.5
2022-06-01,2022,6,Junho,Curitiba,Sul,-25.43,-49.27,17.0,5.9,11.4,91.3,28.8,23.4,1021.0
2023-03-01,2023,3,Março,Recife,Nordeste,-8.05,-34.88,28.7,17.2,23.0,50.0,110.6,10.3,1017.3
2020-02-01,2020,2,Fevereiro,São Luís,Nordeste,-2.53,-44.3,31.1,21.3,26.2,67.4,177.8,33.8,1010.9
2023-09-01,2023,9,Setembro,Porto Velho,Norte,-8.76,-63.9,26.1,18.5,22.3,83.6,238.2,16.5,1019.6
2022-05-01,2022,5,Maio,Manaus,Norte,-3.1,-60.02,26.6,15.8,21.2,85.9,281.7,7.4,1004.7
2023-01-01,2023,1,Janeiro,Maceió,Nordeste,-9.67,-35.74,26.1,16.0,21.0,62.7,139.0,14.3,1015.7
2021-02-01,2021,2,Fevereiro,Macapá,Norte,0.03,-51.07,30.2,21.4,25.8,84.4,231.3,29.8,1001.8
2023-10-01,2023,10,Outubro,Florianópolis,Sul,-27.6,-48.55,23.4,16.3,19.8,83.0,83.3,12.3,1009.6
2021-09-01,2021,9,Setembro,Porto Alegre,Sul,-30.03,-51.23,19.4,10.9,15.2,80.5,92.3,15.0,1018.3
2024-02-01,2024,2,Fevereiro,Porto Velho,Norte,-8.76,-63.9,28.2,18.7,23.4,88.5,137.0,22.0,1013.4
2022-01-01,2022,1,Janeiro,Cuiabá,Centro-Oeste,-15.6,-56.1,26.2,19.9,23.0,67.2,42.5,18.5,1004.0
2024-05-01,2024,5,Maio,Natal,Nordeste,-5.79,-35.21,30.2,18.6,24.4,52.5,130.6,9.1,1015.5
2024-06-01,2024,6,Junho,Porto Velho,Norte,-8.76,-63.9,30.3,19.0,24.6,78.0,256.95,17.4,1020.3
2023-03-01,2023,3,Março,Maceió,Nordeste,-9.67,-35.74,30.2,20.1,25.2,64.7,112.2,14.1,1010.0
2024-08-01,2024,8,Agosto,Belo Horizonte,Sudeste,-19.92,-43.94,21.4,12.5,17.0,73.5,149.5,32.8,1012.8
2021-04-01,2021,4,Abril,Cuiabá,Centro-Oeste,-15.6,-56.1,27.9,21.0,24.4,65.9,164.2,13.5,1014.0
2020-12-01,2020,12,Dezembro,Maceió,Nordeste,-9.67,-35.74,25.6,18.7,22.0,62.8,79.8,27.4,1014.2
2021-02-01,2021,2,Fevereiro,Belém,Norte,-1.45,-48.5,30.6,19.0,24.8,77.4,251.3,8.4,1016.9
2022-04-01,2022,4,Abril,Vitória,Sudeste,-20.32,-40.34,26.6,14.7,20.6,62.8,134.1,13.8,1006.1
2023-12-01,2023,12,Dezembro,Teresina,Nordeste,-5.09,-42.8,27.2,18.0,22.6,50.2,4.45,19.5,1008.0
2023-10-01,2023,10,Outubro,São Paulo,Sudeste,-23.55,-46.63,19.0,8.4,13.7,69.8,141.4,16.8,1008.1
2024-10-01,2024,10,Outubro,Natal,Nordeste,-5.79,-35.21,25.7,17.8,21.8,53.7,45.2,6.3,1013.4
2024-07-01,2024,7,Julho,Macapá,Norte,0.03,-51.07,29.2,22.1,25.6,82.6,325.4,18.6,1015.0
2021-01-01,2021,1,Janeiro,Goiânia,Centro-Oeste,-16.69,-49.26,26.2,19.5,22.8,67.3,107.1,27.9,1010.0
2022-11-01,2022,11,Novembro,Macapá,Norte,0.03,-51.07,23.6,15.2,19.4,84.5,209.7,29.5,1005.6
2023-07-01,2023,7,Julho,Porto Velho,Norte,-8.76,-63.9,27.6,17.8,22.7,81.5,245.8,20.6,1013.8
2021-01-01,2021,1,Janeiro,Porto Velho,Norte,-8.76,-63.9,27.5,19.1,23.3,74.3,151.8,24.7,1014.5
2023-12-01,2023,12,Dezembro,São Paulo,Sudeste,-23.55,-46.63,16.6,8.4,12.5,65.5,91.4,22.2,1020.1
2024-06-01,2024,6,Junho,Cuiabá,Centro-Oeste,-15.6,-56.1,30.4,20.0,25.2,62.9,219.6,21.9,1014.4
2020-08-01,2020,8,Agosto,Vitória,Sudeste,-20.32,-40.34,22.5,14.5,18.5,71.2,183.3,27.5,1016.6
2020-06-01,2020,6,Junho,Macapá,Norte,0.03,-51.07,28.9,20.1,24.5,89.5,365.1,21.4,1007.8
2023-06-01,2023,6,Junho,Manaus,Norte,-3.1,-60.02,29.2,20.7,25.0,92.4,292.9,19.1,1013.0
2022-09-01,2022,9,Setembro,Brasília,Centro-Oeste,-15.78,-47.93,17.4,10.4,13.9,67.9,124.5,11.0,1022.8
2024-01-01,2024,1,Janeiro,Belém,Norte,-1.45,-48.5,28.8,22.5,25.6,72.4,246.0,5.7,1010.4
2023-03-01,2023,3,Março,Manaus,Norte,-3.1,-60.02,28.2,18.2,23.2,78.9,273.1,28.7,1016.3
2022-05-01,2022,5,Maio,Teresina,Nordeste,-5.09,-42.8,34.8,27.3,31.0,55.2,135.7,10.8,1011.0
2020-08-01,2020,8,Agosto,Campo Grande,Centro-Oeste,-20.44,-54.65,24.1,15.1,19.6,68.9,190.1,27.3,1015.6
2023-05-01,2023,5,Maio,Vitória,Sudeste,-20.32,-40.34,28.8,20.6,24.7,76.9,163.5,9.5,1014.9
2020-10-01,2020,10,Outubro,Florianópolis,Sul,-27.6,-48.55,22.4,12.1,17.2,89.2,92.6,10.3,1013.9
2020-04-01,2020,4,Abril,Maceió,Nordeste,-9.67,-35.74,29.2,21.3,25.2,56.5,186.6,29.6,1021.2
2024-01-01,2024,1,Janeiro,São Luís,Nordeste,-2.53,-44.3,26.4,18.2,22.3,61.9,154.9,33.3,1008.1
2022-01-01,2022,1,Janeiro,Manaus,Norte,-3.1,-60.02,27.6,16.3,22.0,79.3,231.1,26.1,1018.3
2024-03-01,2024,3,Março,Rio de Janeiro,Sudeste,-22.91,-43.17,26.5,16.3,21.4,70.5,112.5,23.0,1016.4
2023-09-01,2023,9,Setembro,Campo Grande,Centro-Oeste,-20.44,-54.65,22.0,13.9,18.0,73.8,131.3,13.0,998.9
2021-07-01,2021,7,Julho,São Paulo,Sudeste,-23.55,-46.63,19.2,11.5,15.4,73.0,166.0,31.8,1012.0
2023-03-01,2023,3,Março,Vitória,Sudeste,-20.32,-40.34,26.9,15.7,21.3,77.3,106.3,23.0,1018.4
2020-07-01,2020,7,Julho,Salvador,Nordeste,-12.97,-38.51,26.4,17.4,21.9,62.7,242.3,20.2,1009.5
2022-02-01,2022,2,Fevereiro,Maceió,Nordeste,-9.67,-35.74,29.0,19.1,24.0,70.4,124.6,34.5,1008.6
2022-04-01,2022,4,Abril,Curitiba,Sul,-25.43,-49.27,13.2,2.7,8.0,79.4,53.7,5.5,1008.3
2021-12-01,2021,12,Dezembro,Salvador,Nordeste,-12.97,-38.51,24.2,12.6,18.4,70.8,159.8,32.7,1014.1
2021-03-01,2021,3,Março,Goiânia,Centro-Oeste,-16.69,-49.26,27.6,18.0,22.8,67.4,128.8,8.2,1012.4
2024-10-01,2024,10,Outubro,Brasília,Centro-Oeste,-15.78,-47.93,17.5,7.6,12.6,57.0,89.4,34.2,1008.3
2022-11-01,2022,11,Novembro,São Luís,Nordeste,-2.53,-44.3,26.6,15.9,21.2,63.7,139.6,27.4,1003.8
2022-01-01,2022,1,Janeiro,Fortaleza,Nordeste,-3.72,-38.54,27.6,17.2,22.4,50.2,2.5,27.8,1022.1
2022-03-01,2022,3,Março,São Paulo,Sudeste,-23.55,-46.63,23.2,14.7,19.0,83.1,96.3,22.7,1005.5
2024-05-01,2024,5,Maio,Macapá,Norte,0.03,-51.07,29.8,23.1,26.4,89.0,290.8,19.3,1016.1
2022-01-01,2022,1,Janeiro,São Luís,Nordeste,-2.53,-44.3,29.0,19.7,24.4,56.0,139.2,21.0,1018.0
2022-12-01,2022,12,Dezembro,Salvador,Nordeste,-12.97,-38.51,26.4,17.1,21.8,62.5,151.0,5.4,1005.8
2020-07-01,2020,7,Julho,São Paulo,Sudeste,-23.55,-46.63,18.7,9.0,13.8,74.9,229.3,17.9,1002.8
2024-09-01,2024,9,Setembro,Porto Velho,Norte,-8.76,-63.9,23.3,16.8,20.0,70.7,234.4,27.1,1006.2
2021-07-01,2021,7,Julho,Manaus,Norte,-3.1,-60.02,25.6,15.2,20.4,78.4,313.6,7.5,1019.1
2021-07-01,2021,7,Julho,Porto Alegre,Sul,-30.03,-51.23,18.4,11.7,15.0,78.8,22.4,16.2,1010.6
2021-08-01,2021,8,Agosto,Cuiabá,Centro-Oeste,-15.6,-56.1,29.2,21.4,25.3,65.3,131.0,30.0,1015.6
2023-02-01,2023,2,Fevereiro,Rio de Janeiro,Sudeste,-22.91,-43.17,25.6,14.0,19.8,72.8,99.9,26.1,1012.4
2024-04-01,2024,4,Abril,Rio de Janeiro,Sudeste,-22.91,-43.17,29.1,17.2,23.2,74.3,144.0,13.5,1009.8
2024-08-01,2024,8,Agosto,Teresina,Nordeste,-5.09,-42.8,26.8,17.4,22.1,40.7,99.8,13.1,1014.1
2020-02-01,2020,2,Fevereiro,Belém,Norte,-1.45,-48.5,27.9,16.1,22.0,75.5,261.1,12.7,1014.4
2022-09-01,2022,9,Setembro,Fortaleza,Nordeste,-3.72,-38.54,25.2,17.3,21.2,55.0,80.8,12.4,1013.5
2024-03-01,2024,3,Março,Belo Horizonte,Sudeste,-19.92,-43.94,25.1,15.1,20.1,71.1,148.3,31.4,1011.3
2023-05-01,2023,5,Maio,Curitiba,Sul,-25.43,-49.27,15.4,7.5,11.4,88.8,84.1,28.2,1012.9
2023-03-01,2023,3,Março,Fortaleza,Nordeste,-3.72,-38.54,29.3,19.9,24.6,55.6,138.5,22.5,1010.2
2020-10-01,2020,10,Outubro,Belo Horizonte,Sudeste,-19.92,-43.94,19.7,10.0,14.8,64.9,83.5,27.9,1017.0
2022-11-01,2022,11,Novembro,Brasília,Centro-Oeste,-15.78,-47.93,17.8,7.9,12.8,65.7,97.5,15.3,1015.0
2020-09-01,2020,9,Setembro,Salvador,Nordeste,-12.97,-38.51,25.2,17.7,21.4,77.1,134.0,10.9,996.8
2023-06-01,2023,6,Junho,Florianópolis,Sul,-27.6,-48.55,16.3,5.5,10.9,76.9,49.1,30.1,1015.4
2023-01-01,2023,1,Janeiro,Manaus,Norte,-3.1,-60.02,29.4,21.4,25.4,82.0,251.6,27.6,1010.8
2021-04-01,2021,4,Abril,Goiânia,Centro-Oeste,-16.69,-49.26,29.1,20.2,24.6,79.7,143.9,14.3,1014.6
2023-07-01,2023,7,Julho,Rio de Janeiro,Sudeste,-22.91,-43.17,23.0,12.1,17.6,68.0,199.4,26.6,1005.6
2020-03-01,2020,3,Março,Brasília,Centro-Oeste,-15.78,-47.93,23.4,12.7,18.0,74.3,62.9,15.9,1014.3
2022-04-01,2022,4,Abril,Belo Horizonte,Sudeste,-19.92,-43.94,24.7,14.4,19.6,68.6,197.9,17.4,1019.0
2023-08-01,2023,8,Agosto,São Paulo,Sudeste,-23.55,-46.63,18.0,8.6,13.3,71.1,159.4,23.0,1006.3
2020-08-01,2020,8,Agosto,Teresina,Nordeste,-5.09,-42.8,27.0,16.8,21.9,48.7,73.9,20.2,1014.3
2023-02-01,2023,2,Fevereiro,Belo Horizonte,Sudeste,-19.92,-43.94,22.1,10.5,16.3,59.8,103.6,8.2,1007.5
2022-05-01,2022,5,Maio,Brasília,Centro-Oeste,-15.78,-47.93,22.7,13.2,18.0,72.6,156.5,25.1,1016.2
2021-07-01,2021,7,Julho,Goiânia,Centro-Oeste,-16.69,-49.26,21.9,11.6,16.8,53.7,221.0,11.0,1019.1
2020-12-01,2020,12,Dezembro,Macapá,Norte,0.03,-51.07,25.8,14.0,19.9,92.1,216.0,25.0,1012.8
2023-01-01,2023,1,Janeiro,São Luís,Nordeste,-2.53,-44.3,28.8,18.5,23.6,55.7,140.5,8.7,1017.4
2022-10-01,2022,10,Outubro,Salvador,Nordeste,-12.97,-38.51,21.9,14.3,18.1,63.7,111.0,11.5,1013.0
2021-04-01,2021,4,Abril,Brasília,Centro-Oeste,-15.78,-47.93,25.0,17.0,21.0,65.4,160.6,12.7,1021.8
2023-05-01,2023,5,Maio,Goiânia,Centro-Oeste,-16.69,-49.26,27.3,15.6,21.4,73.8,165.0,10.0,1016.6
2023-04-01,2023,4,Abril,Florianópolis,Sul,-27.6,-48.55,15.0,4.0,9.5,85.4,105.8,9.0,1023.3
2020-09-01,2020,9,Setembro,Goiânia,Centro-Oeste,-16.69,-49.26,20.9,13.8,17.4,76.2,88.6,30.8,1018.7
2024-12-01,2024,12,Dezembro,Salvador,Nordeste,-12.97,-38.51,24.2,12.7,18.4,69.4,96.2,25.1,1012.2
2021-04-01,2021,4,Abril,Salvador,Nordeste,-12.97,-38.51,28.9,19.9,24.4,69.0,206.5,24.3,1011.4
2024-05-01,2024,5,Maio,Salvador,Nordeste,-12.97,-38.51,29.8,20.3,25.0,69.7,157.4,30.9,1020.4
2021-03-01,2021,3,Março,Belém,Norte,-1.45,-48.5,29.2,19.7,24.4,85.5,264.5,15.1,1012.3
2023-01-01,2023,1,Janeiro,Curitiba,Sul,-25.43,-49.27,17.8,5.9,11.9,83.4,138.0,5.0,1013.0
2021-09-01,2021,9,Setembro,Belo Horizonte,Sudeste,-19.92,-43.94,20.2,9.2,14.7,59.8,92.1,6.3,1006.9
2021-09-01,2021,9,Setembro,Maceió,Nordeste,-9.67,-35.74,25.2,14.4,19.8,63.4,127.7,24.3,1014.4
2023-10-01,2023,10,Outubro,Campo Grande,Centro-Oeste,-20.44,-54.65,23.5,15.1,19.3,85.1,135.7,12.5,1023.3
2021-11-01,2021,11,Novembro,Rio de Janeiro,Sudeste,-22.91,-43.17,22.2,10.9,16.6,75.4,0.0,23.8,1013.1
2021-05-01,2021,5,Maio,Natal,Nordeste,-5.79,-35.21,29.4,20.8,25.1,47.5,154.3,17.8,1017.0
2024-07-01,2024,7,Julho,Belém,Norte,-1.45,-48.5,28.3,20.4,24.4,76.7,316.7,7.2,1012.9
2024-10-01,2024,10,Outubro,Salvador,Nordeste,-12.97,-38.51,24.0,12.5,18.2,63.9,147.9,28.9,1015.2
2020-02-01,2020,2,Fevereiro,Natal,Nordeste,-5.79,-35.21,26.7,15.3,21.0,61.0,40.1,18.5,1013.8
2020-05-01,2020,5,Maio,Natal,Nordeste,-5.79,-35.21,30.1,22.1,26.1,57.1,115.3,8.9,1015.3
2020-03-01,2020,3,Março,Belo Horizonte,Sudeste,-19.92,-43.94,24.3,17.9,21.1,66.2,130.7,18.9,1008.1
2022-06-01,2022,6,Junho,Belém,Norte,-1.45,-48.5,29.0,18.6,23.8,80.9,350.2,6.5,1005.4
2020-09-01,2020,9,Setembro,Cuiabá,Centro-Oeste,-15.6,-56.1,23.9,14.2,19.0,68.6,191.5,30.9,1008.6
2024-02-01,2024,2,Fevereiro,Rio de Janeiro,Sudeste,-22.91,-43.17,26.7,16.1,21.4,67.5,96.0,6.9,1002.9
2020-04-01,2020,4,Abril,Florianópolis,Sul,-27.6,-48.55,16.1,6.0,11.0,88.0,41.8,22.8,1014.4
2022-10-01,2022,10,Outubro,Goiânia,Centro-Oeste,-16.69,-49.26,21.1,14.3,17.7,63.7,44.2,13.5,1019.5
2021-07-01,2021,7,Julho,Maceió,Nordeste,-9.67,-35.74,23.9,14.4,19.2,63.4,190.1,24.0,1017.8
2022-05-01,2022,5,Maio,Belo Horizonte,Sudeste,-19.92,-43.94,23.2,15.4,19.3,73.5,183.2,20.4,1014.7
2022-11-01,2022,11,Novembro,Belo Horizonte,Sudeste,-19.92,-43.94,20.3,12.2,16.2,73.3,121.2,25.6,1014.3
2022-09-01,2022,9,Setembro,Belo Horizonte,Sudeste,-19.92,-43.94,19.6,8.7,14.2,69.8,179.9,13.1,1010.6
2020-12-01,2020,12,Dezembro,Manaus,Norte,-3.1,-60.02,25.2,17.8,21.950000000000003,83.4,236.2,30.8,1011.5
2023-01-01,2023,1,Janeiro,Salvador,Nordeste,-12.97,-38.51,28.0,16.3,22.2,63.3,126.6,10.8,1015.9
2020-12-01,2020,12,Dezembro,Belo Horizonte,Sudeste,-19.92,-43.94,19.2,12.6,15.9,69.3,27.0,32.8,1009.3
2021-04-01,2021,4,Abril,Teresina,Nordeste,-5.09,-42.8,31.3,25.2,28.2,50.4,80.0,33.0,1008.6
2023-07-01,2023,7,Julho,Manaus,Norte,-3.1,-60.02,28.3,16.5,22.4,92.7,251.7,31.1,1008.8
2020-02-01,2020,2,Fevereiro,Cuiabá,Centro-Oeste,-15.6,-56.1,27.2,17.4,22.3,76.6,178.1,18.3,1007.5
2023-12-01,2023,12,Dezembro,Porto Velho,Norte,-8.76,-63.9,26.5,15.3,20.9,77.1,193.1,18.8,1008.9
2024-09-01,2024,9,Setembro,Salvador,Nordeste,-12.97,-38.51,24.2,14.4,19.3,67.4,135.6,9.4,1019.9
2023-01-01,2023,1,Janeiro,Teresina,Nordeste,-5.09,-42.8,30.2,23.8,27.0,52.0,0.0,19.1,1011.9
2024-07-01,2024,7,Julho,Campo Grande,Centro-Oeste,-20.44,-54.65,22.0,13.3,17.6,79.4,208.2,24.0,1009.6
2022-04-01,2022,4,Abril,Fortaleza,Nordeste,-3.72,-38.54,29.7,17.9,23.8,57.7,69.8,10.4,1012.1
2022-06-01,2022,6,Junho,Rio de Janeiro,Sudeste,-22.91,-43.17,26.1,17.6,21.8,67.7,192.7,30.9,1014.1
2020-07-01,2020,7,Julho,São Luís,Nordeste,-2.53,-44.3,24.1,12.9,18.5,53.0,156.8,17.3,1023.7
2022-07-01,2022,7,Julho,Brasília,Centro-Oeste,-15.78,-47.93,22.3,15.4,18.8,75.5,169.2,24.5,1022.8
2020-05-01,2020,5,Maio,Teresina,Nordeste,-5.09,-42.8,30.1,19.3,24.7,53.5,12.0,27.6,1013.6
2023-02-01,2023,2,Fevereiro,Curitiba,Sul,-25.43,-49.27,13.6,2.2,7.9,81.7,66.0,20.3,1011.2
2021-03-01,2021,3,Março,Brasília,Centro-Oeste,-15.78,-47.93,23.7,16.5,20.1,61.0,115.2,11.8,1014.1
2022-06-01,2022,6,Junho,Brasília,Centro-Oeste,-15.78,-47.93,21.8,10.4,16.1,67.3,128.9,18.5,1010.1
2022-02-01,2022,2,Fevereiro,Porto Alegre,Sul,-30.03,-51.23,18.8,7.9,13.4,89.4,119.6,21.6,1014.1
2020-12-01,2020,12,Dezembro,Cuiabá,Centro-Oeste,-15.6,-56.1,26.3,20.2,23.2,63.2,69.5,6.6,1010.2
2022-09-01,2022,9,Setembro,Florianópolis,Sul,-27.6,-48.55,26.3,15.9,21.1,87.4,129.1,29.3,1012.3
2023-04-01,2023,4,Abril,Porto Velho,Norte,-8.76,-63.9,28.2,19.0,23.6,82.0,216.2,21.4,1012.8
2022-12-01,2022,12,Dezembro,Belo Horizonte,Sudeste,-19.92,-43.94,19.2,9.5,14.4,64.8,33.2,9.9,1013.9
2021-06-01,2021,6,Junho,Fortaleza,Nordeste,-3.72,-38.54,35.0,26.1,30.6,47.7,110.1,6.0,1014.2
2021-02-01,2021,2,Fevereiro,Belo Horizonte,Sudeste,-19.92,-43.94,24.7,15.7,20.2,69.3,127.2,31.7,1013.0
2022-12-01,2022,12,Dezembro,Recife,Nordeste,-8.05,-34.88,24.6,16.8,20.7,62.7,139.5,20.2,1021.3
2023-06-01,2023,6,Junho,Curitiba,Sul,-25.43,-49.27,15.1,8.9,12.0,90.7,13.9,20.9,1020.6
2021-04-01,2021,4,Abril,Manaus,Norte,-3.1,-60.02,30.9,24.4,27.6,96.0,261.2,10.6,1017.6
2022-12-01,2022,12,Dezembro,Maceió,Nordeste,-9.67,-35.74,25.7,14.2,20.0,57.0,74.2,27.8,1011.1
2022-01-01,2022,1,Janeiro,Recife,Nordeste,-8.05,-34.88,28.6,18.5,23.6,69.8,80.9,29.0,1014.7
2024-01-01,2024,1,Janeiro,Goiânia,Centro-Oeste,-16.69,-49.26,27.2,15.6,21.4,75.3,122.5,28.6,1018.4
2020-08-01,2020,8,Agosto,Natal,Nordeste,-5.79,-35.21,25.3,15.9,20.6,59.6,95.4,14.1,1020.0
2021-12-01,2021,12,Dezembro,Porto Alegre,Sul,-30.03,-51.23,21.4,10.6,16.0,76.2,112.7,8.4,1027.6
2020-07-01,2020,7,Julho,Rio de Janeiro,Sudeste,-22.91,-43.17,23.0,15.9,19.4,66.9,163.7,10.6,1017.7
2020-01-01,2020,1,Janeiro,São Paulo,Sudeste,-23.55,-46.63,23.3,11.7,17.5,69.6,30.4,28.9,1015.2
2023-07-01,2023,7,Julho,Macapá,Norte,0.03,-51.07,28.0,18.7,23.4,82.5,313.8,35.0,1007.1
2024-12-01,2024,12,Dezembro,Porto Velho,Norte,-8.76,-63.9,25.2,16.6,20.9,88.9,195.0,9.8,1016.9
2023-09-01,2023,9,Setembro,São Paulo,Sudeste,-23.55,-46.63,17.0,10.5,13.8,76.2,127.0,32.2,1023.9
2023-04-01,2023,4,Abril,Belém,Norte,-1.45,-48.5,29.4,19.7,24.5,83.4,341.0,20.4,1021.1
2024-09-01,2024,9,Setembro,Campo Grande,Centro-Oeste,-20.44,-54.65,21.6,11.8,17.9,77.0,115.0,17.4,1011.2
2023-02-01,2023,2,Fevereiro,Goiânia,Centro-Oeste,-16.69,-49.26,26.5,20.1,23.3,61.3,111.0,25.1,1019.2
2023-06-01,2023,6,Junho,Maceió,Nordeste,-9.67,-35.74,29.0,19.0,24.0,60.6,159.3,29.0,1017.0
2023-06-01,2023,6,Junho,Goiânia,Centro-Oeste,-16.69,-49.26,25.0,14.3,19.6,74.2,209.4,5.0,1007.7
2021-11-01,2021,11,Novembro,Manaus,Norte,-3.1,-60.02,23.7,12.1,17.9,87.4,201.2,34.0,1016.7
2024-09-01,2024,9,Setembro,Recife,Nordeste,-8.05,-34.88,24.1,13.4,18.8,70.9,79.9,14.1,1006.2
2021-02-01,2021,2,Fevereiro,Goiânia,Centro-Oeste,-16.69,-49.26,23.2,13.4,20.1,68.4,81.2,28.6,1014.9
2021-07-01,2021,7,Julho,Vitória,Sudeste,-20.32,-40.34,22.5,11.2,16.8,68.0,202.6,6.1,1018.7
2021-12-01,2021,12,Dezembro,Curitiba,Sul,-25.43,-49.27,19.8,8.7,14.2,84.7,123.0,21.1,1016.7
2020-12-01,2020,12,Dezembro,Natal,Nordeste,-5.79,-35.21,27.9,19.0,23.4,54.0,0.0,21.7,1009.5
2023-10-01,2023,10,Outubro,Vitória,Sudeste,-20.32,-40.34,23.8,15.7,19.8,69.3,77.6,13.2,1006.7
2023-05-01,2023,5,Maio,Recife,Nordeste,-8.05,-34.88,32.2,20.6,26.4,57.8,225.6,29.7,1014.5
2020-12-01,2020,12,Dezembro,São Luís,Nordeste,-2.53,-44.3,26.4,14.5,20.4,67.5,137.7,27.6,1012.9
2020-11-01,2020,11,Novembro,Vitória,Sudeste,-20.32,-40.34,21.6,14.3,18.0,75.7,68.9,23.8,1011.0
2023-02-01,2023,2,Fevereiro,Macapá,Norte,0.03,-51.07,28.6,20.3,24.5,74.4,247.1,8.0,1019.6
2020-12-01,2020,12,Dezembro,São Paulo,Sudeste,-23.55,-46.63,20.6,11.9,16.2,79.2,103.0,27.3,1011.3
2021-12-01,2021,12,Dezembro,Macapá,Norte,0.03,-51.07,24.4,17.8,21.1,86.2,216.0,29.9,1016.2
2023-11-01,2023,11,Novembro,Belo Horizonte,Sudeste,-19.92,-43.94,19.1,7.9,13.5,63.3,81.1,9.0,1005.3
2024-10-01,2024,10,Outubro,Belo Horizonte,Sudeste,-19.92,-43.94,17.8,10.8,14.3,70.6,68.1,28.8,1010.9
2022-10-01,2022,10,Outubro,Belém,Norte,-1.45,-48.5,24.9,13.4,19.2,73.6,267.4,34.1,1011.9
2021-06-01,2021,6,Junho,Rio de Janeiro,Sudeste,-22.91,-43.17,26.8,20.0,23.4,67.4,147.2,17.3,1007.9
2020-09-01,2020,9,Setembro,Belém,Norte,-1.45,-48.5,22.6,15.8,19.2,85.7,295.3,21.0,1019.2
2021-09-01,2021,9,Setembro,Florianópolis,Sul,-27.6,-48.55,23.8,16.4,20.1,85.3,61.1,13.0,1009.1
2023-09-01,2023,9,Setembro,Fortaleza,Nordeste,-3.72,-38.54,26.8,19.3,23.0,42.6,68.2,11.2,1020.3
2023-01-01,2023,1,Janeiro,Brasília,Centro-Oeste,-15.78,-47.93,23.3,16.9,20.1,67.5,64.7,22.8,1015.7
2022-02-01,2022,2,Fevereiro,Belém,Norte,-1.45,-48.5,28.5,16.6,23.5,79.1,215.3,13.2,1013.5
2021-03-01,2021,3,Março,São Luís,Nordeste,-2.53,-44.3,28.6,20.7,24.6,54.7,193.9,8.7,1010.2
2022-07-01,2022,7,Julho,Porto Alegre,Sul,-30.03,-51.23,18.0,6.0,12.0,83.8,39.6,6.8,1015.6
2022-10-01,2022,10,Outubro,Porto Velho,Norte,-8.76,-63.9,25.6,18.8,22.2,82.4,267.9,27.9,1011.5
2021-04-01,2021,4,Abril,Belém,Norte,-1.45,-48.5,30.7,22.6,26.6,80.4,344.1,18.6,1008.9
2020-10-01,2020,10,Outubro,Porto Alegre,Sul,-30.03,-51.23,22.6,14.8,18.7,86.2,90.7,23.9,1007.5
2024-11-01,2024,11,Novembro,Florianópolis,Sul,-27.6,-48.55,21.8,11.8,16.8,82.0,82.7,20.4,1016.6
2020-10-01,2020,10,Outubro,Campo Grande,Centro-Oeste,-20.44,-54.65,22.6,14.9,18.8,75.0,30.6,8.6,1007.8
2023-05-01,2023,5,Maio,Teresina,Nordeste,-5.09,-42.8,32.7,26.3,29.5,48.6,95.3,14.4,1016.7
2022-03-01,2022,3,Março,São Luís,Nordeste,-2.53,-44.3,30.0,21.9,26.0,63.9,178.1,19.7,1015.7
2023-08-01,2023,8,Agosto,Brasília,Centro-Oeste,-15.78,-47.93,23.0,13.0,18.0,66.1,102.8,16.3,1017.1
2020-09-01,2020,9,Setembro,Macapá,Norte,0.03,-51.07,24.2,13.5,18.8,90.7,205.1,28.8,1014.0
2022-08-01,2022,8,Agosto,Fortaleza,Nordeste,-3.72,-38.54,25.7,13.9,19.8,54.8,118.6,29.3,1011.5
2022-09-01,2022,9,Setembro,Vitória,Sudeste,-20.32,-40.34,23.0,11.1,17.0,68.9,97.5,10.7,1011.5
2023-09-01,2023,9,Setembro,Cuiabá,Centro-Oeste,-15.6,-56.1,24.6,13.7,19.2,56.3,105.7,25.4,1010.1
2024-09-01,2024,9,Setembro,Macapá,Norte,0.03,-51.07,23.4,15.0,19.2,89.7,281.2,22.8,1017.7
2020-08-01,2020,8,Agosto,Maceió,Nordeste,-9.67,-35.74,26.2,20.1,23.2,66.7,171.3,28.9,1002.5
2021-03-01,2021,3,Março,Florianópolis,Sul,-27.6,-48.55,15.7,4.4,10.0,82.7,113.1,11.7,1021.3
2021-08-01,2021,8,Agosto,Teresina,Nordeste,-5.09,-42.8,27.8,18.2,23.0,44.9,76.5,34.1,1011.8
2024-10-01,2024,10,Outubro,Belém,Norte,-1.45,-48.5,27.2,16.4,21.8,83.2,239.2,8.1,1010.8
2023-02-01,2023,2,Fevereiro,Natal,Nordeste,-5.79,-35.21,31.8,21.1,26.4,57.3,113.2,9.5,1007.1
2024-01-01,2024,1,Janeiro,Porto Alegre,Sul,-30.03,-51.23,17.8,7.4,12.6,82.7,111.9,13.9,1020.5
2021-10-01,2021,10,Outubro,Campo Grande,Centro-Oeste,-20.44,-54.65,24.8,18.2,21.5,68.2,66.9,30.1,1011.6
2022-07-01,2022,7,Julho,Goiânia,Centro-Oeste,-16.69,-49.26,24.5,12.8,18.6,71.7,145.8,5.6,1016.3
2022-09-01,2022,9,Setembro,Maceió,Nordeste,-9.67,-35.74,26.6,16.1,21.4,74.2,108.3,15.6,1016.1
2022-10-01,2022,10,Outubro,Natal,Nordeste,-5.79,-35.21,25.2,15.2,20.2,58.6,56.4,23.6,1016.4
2020-06-01,2020,6,Junho,Curitiba,Sul,-25.43,-49.27,13.5,2.4,8.0,87.0,35.3,30.6,1019.8
2023-07-01,2023,7,Julho,Vitória,Sudeste,-20.32,-40.34,25.5,15.8,20.8,72.5,161.0,8.6,1014.0
2020-08-01,2020,8,Agosto,São Paulo,Sudeste,-23.55,-46.63,18.0,11.8,14.9,75.2,134.3,22.4,1017.8
2024-09-01,2024,9,Setembro,Porto Alegre,Sul,-30.03,-51.23,22.7,10.9,16.8,88.2,75.1,10.2,1008.2
2020-07-01,2020,7,Julho,Porto Velho,Norte,-8.76,-63.9,26.4,19.0,22.7,82.4,202.2,29.9,1014.3
2020-11-01,2020,11,Novembro,Campo Grande,Centro-Oeste,-20.44,-54.65,23.5,17.3,20.4,70.6,135.9,19.4,1016.1
2024-02-01,2024,2,Fevereiro,Campo Grande,Centro-Oeste,-20.44,-54.65,24.8,17.4,21.1,69.8,85.3,33.0,1013.7
2024-09-01,2024,9,Setembro,Belém,Norte,-1.45,-48.5,27.1,17.7,22.4,84.4,253.7,15.5,1013.2
2024-06-01,2024,6,Junho,São Luís,Nordeste,-2.53,-44.3,29.7,19.8,24.8,68.3,251.3,19.7,1005.2
2021-09-01,2021,9,Setembro,Goiânia,Centro-Oeste,-16.69,-49.26,20.9,12.9,16.9,64.5,108.8,11.9,1014.8
2023-02-01,2023,2,Fevereiro,Vitória,Sudeste,-20.32,-40.34,25.8,16.9,21.4,88.8,51.3,27.7,1011.9
2024-03-01,2024,3,Março,São Paulo,Sudeste,-23.55,-46.63,23.2,14.6,18.9,71.8,164.2,26.4,998.3
2024-10-01,2024,10,Outubro,Manaus,Norte,-3.1,-60.02,22.6,15.0,18.8,86.0,218.4,14.7,1012.8
2020-04-01,2020,4,Abril,Natal,Nordeste,-5.79,-35.21,29.3,21.8,25.6,47.6,91.5,13.9,1011.0
2020-07-01,2020,7,Julho,Campo Grande,Centro-Oeste,-20.44,-54.65,22.8,14.7,18.8,63.3,222.7,24.4,1015.8
2024-03-01,2024,3,Março,Campo Grande,Centro-Oeste,-20.44,-54.65,23.5,16.7,20.1,77.4,127.0,5.9,1004.8
2024-12-01,2024,12,Dezembro,Belém,Norte,-1.45,-48.5,27.7,19.0,23.4,81.0,240.0,26.9,1023.9
2024-09-01,2024,9,Setembro,Natal,Nordeste,-5.79,-35.21,24.2,13.3,18.8,64.5,35.9,6.4,1014.3
2023-08-01,2023,8,Agosto,Belo Horizonte,Sudeste,-19.92,-43.94,20.5,13.0,16.8,65.2,152.55,12.7,1008.0
2020-10-01,2020,10,Outubro,Brasília,Centro-Oeste,-15.78,-47.93,17.6,5.7,11.6,68.7,149.0,14.8,1016.0
2023-10-01,2023,10,Outubro,Belém,Norte,-1.45,-48.5,26.6,19.6,23.1,83.2,242.9,27.3,1008.8
2022-12-01,2022,12,Dezembro,Natal,Nordeste,-5.79,-35.21,26.0,17.9,22.0,54.4,47.9,29.5,1021.1
2020-10-01,2020,10,Outubro,Salvador,Nordeste,-12.97,-38.51,22.9,15.2,19.0,65.1,154.5,14.7,1012.7
2022-05-01,2022,5,Maio,Fortaleza,Nordeste,-3.72,-38.54,30.0,23.8,26.9,59.7,144.3,9.7,1007.4
2024-08-01,2024,8,Agosto,Natal,Nordeste,-5.79,-35.21,26.1,20.0,23.0,58.1,98.3,21.3,1012.6
2023-04-01,2023,4,Abril,Campo Grande,Centro-Oeste,-20.44,-54.65,26.0,15.0,20.5,73.3,181.6,26.3,1012.2
2022-12-01,2022,12,Dezembro,São Paulo,Sudeste,-23.55,-46.63,17.5,10.1,13.8,67.6,120.5,26.4,1012.9
2023-07-01,2023,7,Julho,Campo Grande,Centro-Oeste,-20.44,-54.65,23.9,13.5,18.7,83.0,215.3,29.1,1014.8
2022-03-01,2022,3,Março,Cuiabá,Centro-Oeste,-15.6,-56.1,30.3,20.0,25.2,59.0,129.1,30.3,1011.8
2023-11-01,2023,11,Novembro,Manaus,Norte,-3.1,-60.02,23.4,11.8,17.6,94.2,202.8,29.3,1011.6
2024-02-01,2024,2,Fevereiro,Recife,Nordeste,-8.05,-34.88,28.1,20.7,24.4,62.7,170.5,6.3,1013.3
2020-02-01,2020,2,Fevereiro,Porto Alegre,Sul,-30.03,-51.23,14.9,7.7,11.3,78.4,126.6,16.8,1014.2
2023-01-01,2023,1,Janeiro,Cuiabá,Centro-Oeste,-15.6,-56.1,24.0,13.7,21.05,63.6,14.0,12.7,1007.9
2024-06-01,2024,6,Junho,Goiânia,Centro-Oeste,-16.69,-49.26,25.3,17.2,21.2,70.8,152.0,24.9,1008.6
2021-04-01,2021,4,Abril,Macapá,Norte,0.03,-51.07,30.1,20.3,25.2,84.9,297.2,14.8,1009.0
2023-07-01,2023,7,Julho,Belém,Norte,-1.45,-48.5,27.4,17.5,22.4,81.7,299.5,17.3,1013.5
2020-05-01,2020,5,Maio,Manaus,Norte,-3.1,-60.02,30.0,20.7,25.4,75.2,301.6,32.7,1017.4
2021-08-01,2021,8,Agosto,Natal,Nordeste,-5.79,-35.21,28.3,21.3,24.8,47.4,105.3,18.5,1006.5
2022-08-01,2022,8,Agosto,Teresina,Nordeste,-5.09,-42.8,26.5,17.3,21.9,43.1,70.7,20.7,1018.7
2024-05-01,2024,5,Maio,Manaus,Norte,-3.1,-60.02,27.1,18.3,22.7,84.7,294.8,14.9,1015.0
2021-12-01,2021,12,Dezembro,Fortaleza,Nordeste,-3.72,-38.54,26.3,18.1,23.1,55.7,2.0,11.1,1016.2
2020-05-01,2020,5,Maio,Curitiba,Sul,-25.43,-49.27,14.7,4.8,9.8,83.0,32.3,12.7,1016.6
2021-12-01,2021,12,Dezembro,São Luís,Nordeste,-2.53,-44.3,25.9,14.4,20.2,58.7,127.8,8.7,1011.9
2021-11-01,2021,11,Novembro,Vitória,Sudeste,-20.32,-40.34,21.3,13.3,17.3,76.5,72.9,28.5,1006.0
2020-03-01,2020,3,Março,Campo Grande,Centro-Oeste,-20.44,-54.65,29.3,18.7,24.0,69.7,140.0,8.4,1015.9
2024-10-01,2024,10,Outubro,Campo Grande,Centro-Oeste,-20.44,-54.65,21.5,14.4,18.0,67.3,121.7,30.0,1004.4
2023-04-01,2023,4,Abril,Porto Alegre,Sul,-30.03,-51.23,17.2,7.8,12.5,87.4,76.8,17.1,1016.0
2022-08-01,2022,8,Agosto,Brasília,Centro-Oeste,-15.78,-47.93,24.5,16.5,20.5,68.6,142.7,23.7,1011.5
2020-05-01,2020,5,Maio,Recife,Nordeste,-8.05,-34.88,31.1,21.8,26.4,64.3,163.8,18.3,1014.2
2023-06-01,2023,6,Junho,Recife,Nordeste,-8.05,-34.88,29.9,20.4,25.2,66.9,153.9,6.4,1006.9
2021-11-01,2021,11,Novembro,Belo Horizonte,Sudeste,-19.92,-43.94,18.7,7.7,13.2,71.5,140.4,34.1,1015.7
2021-02-01,2021,2,Fevereiro,Recife,Nordeste,-8.05,-34.88,29.7,18.7,24.2,60.0,152.1,8.3,1011.2
2022-06-01,2022,6,Junho,Porto Velho,Norte,-8.76,-63.9,29.6,20.5,25.0,80.7,249.5,27.7,1014.1
2020-05-01,2020,5,Maio,Porto Velho,Norte,-8.76,-63.9,27.8,16.0,21.9,76.6,274.7,19.8,1011.5
2022-10-01,2022,10,Outubro,Porto Alegre,Sul,-30.03,-51.23,21.0,14.3,17.6,80.2,128.5,25.8,1012.2
2022-11-01,2022,11,Novembro,Teresina,Nordeste,-5.09,-42.8,25.1,17.6,21.4,48.3,55.3,29.7,1019.5
2023-02-01,2023,2,Fevereiro,Brasília,Centro-Oeste,-15.78,-47.93,21.3,9.3,15.3,65.5,116.2,15.7,1019.4
2020-05-01,2020,5,Maio,Brasília,Centro-Oeste,-15.78,-47.93,24.6,17.3,21.0,63.5,99.5,12.0,1014.4
2024-03-01,2024,3,Março,Manaus,Norte,-3.1,-60.02,30.6,20.4,25.5,91.8,237.0,5.4,1011.3
2021-08-01,2021,8,Agosto,Belo Horizonte,Sudeste,-19.92,-43.94,20.6,11.3,16.0,77.3,152.1,13.1,1010.1
2024-11-01,2024,11,Novembro,São Paulo,Sudeste,-23.55,-46.63,17.9,8.1,13.0,72.5,49.7,30.8,1010.2
2020-07-01,2020,7,Julho,Goiânia,Centro-Oeste,-16.69,-49.26,21.7,10.9,16.3,77.1,153.1,29.4,1017.4
2021-08-01,2021,8,Agosto,Campo Grande,Centro-Oeste,-20.44,-54.65,24.6,13.9,20.0,71.8,125.7,21.8,1008.1
2024-06-01,2024,6,Junho,Campo Grande,Centro-Oeste,-20.44,-54.65,25.8,17.4,21.6,80.4,207.0,32.8,1008.8
2024-06-01,2024,6,Junho,Recife,Nordeste,-8.05,-34.88,28.0,19.3,23.6,66.7,211.1,5.2,1016.8
2021-11-01,2021,11,Novembro,Florianópolis,Sul,-27.6,-48.55,24.6,15.0,19.8,86.7,169.5,26.1,1018.6
2021-11-01,2021,11,Novembro,Porto Velho,Norte,-8.76,-63.9,23.9,13.9,18.9,86.2,182.2,18.6,1009.1
2024-03-01,2024,3,Março,São Luís,Nordeste,-2.53,-44.3,26.3,16.5,21.4,60.7,152.7,34.3,1014.5
2023-07-01,2023,7,Julho,Cuiabá,Centro-Oeste,-15.6,-56.1,25.1,15.1,20.1,71.6,192.7,30.2,1014.0
2020-12-01,2020,12,Dezembro,Rio de Janeiro,Sudeste,-22.91,-43.17,20.7,9.6,15.2,76.9,76.1,15.9,1020.0
2024-06-01,2024,6,Junho,Natal,Nordeste,-5.79,-35.21,27.9,19.6,23.8,47.5,135.7,10.1,1020.1
2023-04-01,2023,4,Abril,Salvador,Nordeste,-12.97,-38.51,30.7,24.4,27.6,69.6,215.1,10.1,1007.0
2023-10-01,2023,10,Outubro,Rio de Janeiro,Sudeste,-22.91,-43.17,24.3,13.0,18.6,61.1,85.6,27.6,1016.9
2022-08-01,2022,8,Agosto,Maceió,Nordeste,-9.67,-35.74,27.5,21.4,24.4,66.5,168.9,29.6,1010.0
2020-05-01,2020,5,Maio,Florianópolis,Sul,-27.6,-48.55,20.2,11.3,15.8,81.0,39.4,10.7,1012.9
2021-09-01,2021,9,Setembro,Recife,Nordeste,-8.05,-34.88,27.2,15.3,21.2,47.3,166.3,11.6,1006.9
2021-08-01,2021,8,Agosto,Manaus,Norte,-3.1,-60.02,26.7,20.7,23.7,81.4,281.2,25.8,1006.9
2022-01-01,2022,1,Janeiro,Brasília,Centro-Oeste,-15.78,-47.93,20.9,9.9,15.4,74.0,82.7,17.3,1013.6
2022-12-01,2022,12,Dezembro,Manaus,Norte,-3.1,-60.02,27.6,17.2,22.4,86.5,179.1,10.3,1017.4
2020-03-01,2020,3,Março,São Paulo,Sudeste,-23.55,-46.63,21.7,10.6,16.2,75.2,69.6,16.8,1009.8
2023-12-01,2023,12,Dezembro,Campo Grande,Centro-Oeste,-20.44,-54.65,25.3,16.4,20.8,77.0,71.0,33.2,1018.9
2023-07-01,2023,7,Julho,Porto Alegre,Sul,-30.03,-51.23,16.5,5.0,10.8,87.8,58.2,7.7,1005.4
2023-12-01,2023,12,Dezembro,Salvador,Nordeste,-12.97,-38.51,25.3,17.3,21.3,64.5,91.6,10.9,1020.6
2021-09-01,2021,9,Setembro,São Paulo,Sudeste,-23.55,-46.63,18.0,9.5,13.8,77.2,124.3,25.2,1013.1
2024-10-01,2024,10,Outubro,Maceió,Nordeste,-9.67,-35.74,25.5,18.8,22.2,56.8,76.3,26.5,1016.7
2023-03-01,2023,3,Março,Goiânia,Centro-Oeste,-16.69,-49.26,25.1,18.7,21.9,72.7,74.1,13.3,1018.1
2020-06-01,2020,6,Junho,Fortaleza,Nordeste,-3.72,-38.54,28.6,20.3,24.5,55.7,98.2,18.1,1010.7
2020-05-01,2020,5,Maio,Campo Grande,Centro-Oeste,-20.44,-54.65,26.7,17.1,21.9,68.5,175.8,32.1,1007.6
2020-10-01,2020,10,Outubro,Maceió,Nordeste,-9.67,-35.74,24.0,12.4,18.2,57.1,80.8,8.9,1021.0
2022-11-01,2022,11,Novembro,Porto Velho,Norte,-8.76,-63.9,23.4,17.2,20.3,79.1,190.2,18.0,1013.3
2020-02-01,2020,2,Fevereiro,Rio de Janeiro,Sudeste,-22.91,-43.17,24.6,16.9,20.8,64.7,108.3,33.9,1014.2
2021-02-01,2021,2,Fevereiro,Cuiabá,Centro-Oeste,-15.6,-56.1,29.7,23.3,26.5,75.3,114.3,15.6,1012.1
2022-02-01,2022,2,Fevereiro,Natal,Nordeste,-5.79,-35.21,29.3,22.1,25.7,54.7,43.1,10.2,1008.2
2022-02-01,2022,2,Fevereiro,Brasília,Centro-Oeste,-15.78,-47.93,23.3,14.1,18.7,63.1,112.1,24.9,1017.0
2022-06-01,2022,6,Junho,Teresina,Nordeste,-5.09,-42.8,31.7,20.5,26.1,43.1,126.4,18.6,1012.7
2024-11-01,2024,11,Novembro,Curitiba,Sul,-25.43,-49.27,18.2,10.9,14.6,95.7,155.6,25.6,1018.4
2021-06-01,2021,6,Junho,Manaus,Norte,-3.1,-60.02,30.0,19.1,24.6,78.8,342.9,12.3,1025.7
2020-08-01,2020,8,Agosto,Porto Velho,Norte,-8.76,-63.9,24.7,18.5,21.6,78.3,271.4,19.2,1019.1
2022-04-01,2022,4,Abril,São Paulo,Sudeste,-23.55,-46.63,20.6,14.5,17.6,65.9,124.8,20.2,1008.9
2021-09-01,2021,9,Setembro,Rio de Janeiro,Sudeste,-22.91,-43.17,21.1,9.6,15.4,70.0,112.4,11.9,1018.9
2022-12-01,2022,12,Dezembro,Florianópolis,Sul,-27.6,-48.55,21.2,9.5,15.4,91.9,154.0,15.1,1010.9
2020-11-01,2020,11,Novembro,Macapá,Norte,0.03,-51.07,24.3,17.2,20.8,83.0,223.9,9.6,1016.8
2022-09-01,2022,9,Setembro,Rio de Janeiro,Sudeste,-22.91,-43.17,23.0,16.0,19.5,68.5,117.4,24.7,1007.4
2022-06-01,2022,6,Junho,Florianópolis,Sul,-27.6,-48.55,18.4,8.2,13.3,77.4,28.2,17.9,1012.0
2020-07-01,2020,7,Julho,Natal,Nordeste,-5.79,-35.21,25.3,16.0,20.6,48.7,155.3,29.1,1007.6
2020-01-01,2020,1,Janeiro,Macapá,Norte,0.03,-51.07,26.8,19.2,23.0,84.0,225.6,12.5,1011.9
2020-02-01,2020,2,Fevereiro,Recife,Nordeste,-8.05,-34.88,28.9,20.3,24.6,57.1,160.2,15.5,1026.8
2021-05-01,2021,5,Maio,Maceió,Nordeste,-9.67,-35.74,27.5,21.1,24.3,70.6,133.4,25.8,1008.4
2020-03-01,2020,3,Março,Porto Alegre,Sul,-30.03,-51.23,16.4,10.4,13.4,75.6,133.0,13.0,1014.0
2021-05-01,2021,5,Maio,Vitória,Sudeste,-20.32,-40.34,26.0,17.1,21.6,67.2,174.3,22.9,1008.8
2023-02-01,2023,2,Fevereiro,Maceió,Nordeste,-9.67,-35.74,26.8,17.4,22.1,58.2,123.4,13.0,1012.1
2024-09-01,2024,9,Setembro,São Luís,Nordeste,-2.53,-44.3,24.6,15.5,20.0,65.4,176.8,15.8,1018.7
2023-02-01,2023,2,Fevereiro,Porto Velho,Norte,-8.76,-63.9,28.0,17.1,22.6,80.0,148.0,23.7,1017.6
2021-05-01,2021,5,Maio,Manaus,Norte,-3.1,-60.02,27.3,17.4,22.4,85.3,311.1,16.6,1008.4
2020-07-01,2020,7,Julho,Teresina,Nordeste,-5.09,-42.8,29.0,19.2,24.1,53.6,128.5,31.2,1008.2
2024-11-01,2024,11,Novembro,Natal,Nordeste,-5.79,-35.21,24.7,15.8,20.2,48.9,3.9,33.9,1007.5
2022-05-01,2022,5,Maio,Curitiba,Sul,-25.43,-49.27,12.2,3.8,8.0,96.1,26.6,31.8,1013.0
2024-12-01,2024,12,Dezembro,Rio de Janeiro,Sudeste,-22.91,-43.17,21.7,15.2,18.4,67.7,28.7,9.2,1013.8
2022-07-01,2022,7,Julho,Vitória,Sudeste,-20.32,-40.34,25.7,15.6,20.6,82.4,124.7,25.5,1007.6
2024-12-01,2024,12,Dezembro,São Paulo,Sudeste,-23.55,-46.63,16.2,8.9,12.6,74.4,107.7,17.1,1014.3
2023-08-01,2023,8,Agosto,Curitiba,Sul,-25.43,-49.27,19.3,12.1,15.7,84.55,85.8,34.3,1008.7
2023-08-01,2023,8,Agosto,Fortaleza,Nordeste,-3.72,-38.54,27.9,18.3,23.1,48.3,61.7,31.5,1007.3
2021-06-01,2021,6,Junho,Campo Grande,Centro-Oeste,-20.44,-54.65,24.6,15.8,20.2,80.4,211.1,14.0,1006.4
2023-10-01,2023,10,Outubro,Macapá,Norte,0.03,-51.07,23.7,11.9,17.8,84.8,234.6,7.8,1016.3
2022-03-01,2022,3,Março,Manaus,Norte,-3.1,-60.02,28.9,20.1,24.5,85.4,196.3,22.7,1014.8
2021-06-01,2021,6,Junho,São Luís,Nordeste,-2.53,-44.3,31.4,21.0,26.2,60.1,202.2,21.4,1015.1
2021-12-01,2021,12,Dezembro,Florianópolis,Sul,-27.6,-48.55,23.7,14.2,19.0,81.5,148.4,31.5,1011.8
2024-02-01,2024,2,Fevereiro,Macapá,Norte,0.03,-51.07,29.9,21.9,25.9,87.4,240.3,28.8,1021.6
2023-02-01,2023,2,Fevereiro,Manaus,Norte,-3.1,-60.02,29.8,21.5,25.6,83.4,215.9,33.5,1009.9
2022-06-01,2022,6,Junho,Goiânia,Centro-Oeste,-16.69,-49.26,24.7,13.3,19.0,71.4,202.8,18.4,1014.5
2022-02-01,2022,2,Fevereiro,Belo Horizonte,Sudeste,-19.92,-43.94,23.6,15.0,19.3,68.1,85.7,5.1,1017.0
2024-02-01,2024,2,Fevereiro,São Luís,Nordeste,-2.53,-44.3,28.7,17.0,26.0,62.3,166.0,14.5,1015.2
2024-04-01,2024,4,Abril,Vitória,Sudeste,-20.32,-40.34,27.9,20.6,24.2,74.5,132.7,23.2,1011.6
2023-02-01,2023,2,Fevereiro,Florianópolis,Sul,-27.6,-48.55,19.1,9.7,14.4,87.9,126.7,12.3,1013.2
2022-04-01,2022,4,Abril,Brasília,Centro-Oeste,-15.78,-47.93,27.5,19.0,23.2,72.0,151.0,7.2,1021.7
2021-02-01,2021,2,Fevereiro,Curitiba,Sul,-25.43,-49.27,14.4,3.9,9.2,79.5,128.7,20.9,1022.1
2023-04-01,2023,4,Abril,Natal,Nordeste,-5.79,-35.21,30.0,19.9,25.0,58.5,102.6,23.0,1014.7
2020-06-01,2020,6,Junho,Porto Alegre,Sul,-30.03,-51.23,17.0,10.0,13.5,83.3,27.0,22.7,1022.0
2022-03-01,2022,3,Março,Vitória,Sudeste,-20.32,-40.34,28.6,21.9,25.2,67.1,125.6,14.9,1014.9
2024-12-01,2024,12,Dezembro,Porto Alegre,Sul,-30.03,-51.23,20.7,9.7,15.2,72.7,177.8,21.2,1019.7
2021-09-01,2021,9,Setembro,Campo Grande,Centro-Oeste,-20.44,-54.65,22.7,12.8,17.8,75.0,141.3,19.9,1009.4
2023-05-01,2023,5,Maio,Porto Velho,Norte,-8.76,-63.9,28.0,17.6,22.8,75.6,196.0,16.8,1010.8
2024-09-01,2024,9,Setembro,São Paulo,Sudeste,-23.55,-46.63,20.0,8.9,14.4,81.1,110.9,32.2,1006.2
2023-06-01,2023,6,Junho,Campo Grande,Centro-Oeste,-20.44,-54.65,26.2,15.2,20.7,71.3,197.8,6.4,1022.0
2023-09-01,2023,9,Setembro,Vitória,Sudeste,-20.32,-40.34,21.3,13.8,17.6,79.9,106.3,21.5,1011.2
2023-02-01,2023,2,Fevereiro,Cuiabá,Centro-Oeste,-15.6,-56.1,29.9,22.7,26.3,61.3,105.6,8.4,1017.7
2021-02-01,2021,2,Fevereiro,São Paulo,Sudeste,-23.55,-46.63,22.2,13.7,18.0,78.9,115.0,6.9,1012.3
2022-09-01,2022,9,Setembro,Porto Velho,Norte,-8.76,-63.9,24.7,14.0,19.4,81.6,204.8,17.1,1011.8
2020-09-01,2020,9,Setembro,Curitiba,Sul,-25.43,-49.27,20.5,11.6,16.0,78.6,65.4,13.0,1001.9
2022-06-01,2022,6,Junho,Maceió,Nordeste,-9.67,-35.74,30.0,18.7,24.4,63.6,201.3,10.8,1005.1
2022-08-01,2022,8,Agosto,Vitória,Sudeste,-20.32,-40.34,23.2,11.4,17.3,77.2,153.8,11.0,1007.7
2023-08-01,2023,8,Agosto,Belém,Norte,-1.45,-48.5,25.0,13.9,19.4,81.1,201.6,22.8,1008.6
2023-11-01,2023,11,Novembro,Teresina,Nordeste,-5.09,-42.8,26.7,15.1,20.9,50.3,36.2,29.7,1019.0
2022-08-01,2022,8,Agosto,Porto Alegre,Sul,-30.03,-51.23,20.4,8.8,14.6,72.0,52.5,34.5,1018.0
2024-06-01,2024,6,Junho,Manaus,Norte,-3.1,-60.02,29.3,22.2,25.8,80.3,324.4,19.2,1011.5
2022-08-01,2022,8,Agosto,Porto Velho,Norte,-8.76,-63.9,25.2,13.2,19.2,84.2,234.5,32.9,1015.3
2023-08-01,2023,8,Agosto,Salvador,Nordeste,-12.97,-38.51,24.3,13.9,19.1,69.1,197.8,7.0,1001.6
2022-04-01,2022,4,Abril,Macapá,Norte,0.03,-51.07,27.4,17.7,25.35,84.6,292.79999999999995,20.5,1009.7
2024-02-01,2024,2,Fevereiro,Curitiba,Sul,-25.43,-49.27,13.9,4.9,9.4,79.1,97.6,22.1,1011.6
2020-09-01,2020,9,Setembro,Manaus,Norte,-3.1,-60.02,25.9,15.3,20.6,81.8,294.9,19.8,1014.7
2024-07-01,2024,7,Julho,Rio de Janeiro,Sudeste,-22.91,-43.17,23.4,13.4,18.4,62.2,105.1,7.0,1003.0
2023-05-01,2023,5,Maio,Belo Horizonte,Sudeste,-19.92,-43.94,24.1,16.8,20.5,67.1,167.6,18.5,1003.4
2022-09-01,2022,9,Setembro,São Luís,Nordeste,-2.53,-44.3,25.5,17.6,21.6,65.5,180.8,19.9,1016.7
2021-02-01,2021,2,Fevereiro,Fortaleza,Nordeste,-3.72,-38.54,32.2,25.5,28.8,49.5,53.1,17.2,1024.4
2024-09-01,2024,9,Setembro,Cuiabá,Centro-Oeste,-15.6,-56.1,25.2,15.7,20.4,68.7,127.2,8.8,1012.9
2021-05-01,2021,5,Maio,Porto Alegre,Sul,-30.03,-51.23,14.9,5.3,10.1,69.9,34.35,13.9,1005.0
2023-05-01,2023,5,Maio,Cuiabá,Centro-Oeste,-15.6,-56.1,28.5,19.2,23.8,60.2,143.8,18.7,1014.1
2023-12-01,2023,12,Dezembro,Curitiba,Sul,-25.43,-49.27,17.7,11.5,14.6,88.6,113.3,26.8,1012.6
2021-12-01,2021,12,Dezembro,Natal,Nordeste,-5.79,-35.21,25.4,18.5,22.0,49.1,0.0,32.0,1016.9
2023-10-01,2023,10,Outubro,Recife,Nordeste,-8.05,-34.88,24.1,17.4,20.8,57.9,124.7,11.5,1010.7
2024-10-01,2024,10,Outubro,Vitória,Sudeste,-20.32,-40.34,23.8,15.1,19.4,73.0,120.0,31.0,1014.1
2021-11-01,2021,11,Novembro,Fortaleza,Nordeste,-3.72,-38.54,27.9,18.8,23.4,52.6,16.8,13.7,1012.8
2022-07-01,2022,7,Julho,Porto Velho,Norte,-8.76,-63.9,25.3,18.8,22.0,73.3,267.6,14.2,1016.5
2024-05-01,2024,5,Maio,São Luís,Nordeste,-2.53,-44.3,28.0,20.8,24.4,57.2,221.1,17.2,1011.1
2023-05-01,2023,5,Maio,Natal,Nordeste,-5.79,-35.21,28.2,18.5,23.4,45.2,135.2,10.5,1009.0
2023-12-01,2023,12,Dezembro,Florianópolis,Sul,-27.6,-48.55,23.2,16.1,19.6,82.7,136.6,30.8,1010.0
2023-09-01,2023,9,Setembro,Curitiba,Sul,-25.43,-49.27,17.7,6.4,12.0,92.3,61.8,20.8,1004.2
2020-11-01,2020,11,Novembro,Teresina,Nordeste,-5.09,-42.8,27.6,19.8,23.7,43.7,13.4,21.3,1012.3
2022-05-01,2022,5,Maio,São Paulo,Sudeste,-23.55,-46.63,21.1,10.1,15.6,76.3,179.0,32.8,1015.4
2020-09-01,2020,9,Setembro,Maceió,Nordeste,-9.67,-35.74,24.0,16.9,20.4,62.9,141.6,30.3,1006.3
2024-05-01,2024,5,Maio,Porto Alegre,Sul,-30.03,-51.23,16.7,8.5,12.6,82.3,63.4,28.5,1012.8
2022-03-01,2022,3,Março,Porto Velho,Norte,-8.76,-63.9,29.0,17.7,23.4,72.2,233.9,14.7,1023.6
2023-07-01,2023,7,Julho,Salvador,Nordeste,-12.97,-38.51,28.3,16.5,22.4,59.4,202.7,23.9,1021.8
2024-07-01,2024,7,Julho,São Paulo,Sudeste,-23.55,-46.63,19.9,11.4,15.6,75.9,160.3,18.1,1010.5
2023-04-01,2023,4,Abril,Curitiba,Sul,-25.43,-49.27,16.1,4.5,10.3,87.6,18.3,18.5,1019.9
2024-12-01,2024,12,Dezembro,Natal,Nordeste,-5.79,-35.21,25.4,14.8,20.1,53.6,76.8,6.6,1022.7
2023-08-01,2023,8,Agosto,São Luís,Nordeste,-2.53,-44.3,28.6,17.3,23.0,52.3,190.9,34.8,1005.9
2020-07-01,2020,7,Julho,Macapá,Norte,0.03,-51.07,26.0,19.0,22.5,81.0,339.9,20.6,1009.2
2020-09-01,2020,9,Setembro,Natal,Nordeste,-5.79,-35.21,26.4,19.8,23.1,56.4,112.9,29.7,1008.1
2021-12-01,2021,12,Dezembro,Porto Velho,Norte,-8.76,-63.9,25.0,18.9,22.0,79.4,204.7,21.4,1021.1
2022-08-01,2022,8,Agosto,Goiânia,Centro-Oeste,-16.69,-49.26,24.9,12.9,18.9,72.4,178.3,23.5,1016.3
2021-10-01,2021,10,Outubro,Rio de Janeiro,Sudeste,-22.91,-43.17,21.6,10.3,16.0,72.4,73.4,30.6,1023.7
2021-06-01,2021,6,Junho,Macapá,Norte,0.03,-51.07,29.0,17.8,23.4,85.9,333.7,24.9,1016.3
2023-08-01,2023,8,Agosto,Cuiabá,Centro-Oeste,-15.6,-56.1,26.6,20.6,23.6,65.9,182.5,27.0,1019.3
2023-04-01,2023,4,Abril,Fortaleza,Nordeste,-3.72,-38.54,30.8,21.1,26.0,50.0,62.7,6.5,1020.2
2024-06-01,2024,6,Junho,Fortaleza,Nordeste,-3.72,-38.54,28.4,17.9,23.2,48.9,139.8,17.4,1013.2
2020-01-01,2020,1,Janeiro,Curitiba,Sul,-25.43,-49.27,15.0,5.2,10.1,84.1,87.2,10.9,1013.0
2023-05-01,2023,5,Maio,Salvador,Nordeste,-12.97,-38.51,30.1,24.0,27.0,74.2,206.6,33.9,1015.5
2020-03-01,2020,3,Março,Porto Velho,Norte,-8.76,-63.9,27.9,19.8,23.8,87.9,173.1,26.8,1023.0
2021-11-01,2021,11,Novembro,Macapá,Norte,0.03,-51.07,26.3,14.9,20.6,93.6,237.0,6.0,1009.8
2024-08-01,2024,8,Agosto,Campo Grande,Centro-Oeste,-20.44,-54.65,23.4,14.3,18.8,59.7,117.0,8.6,1011.3
2020-07-01,2020,7,Julho,Fortaleza,Nordeste,-3.72,-38.54,29.9,20.5,25.2,64.6,142.8,31.4,1023.0
2024-07-01,2024,7,Julho,Curitiba,Sul,-25.43,-49.27,15.2,3.4,9.3,94.1,40.0,27.3,1013.4
2023-07-01,2023,7,Julho,Curitiba,Sul,-25.43,-49.27,15.9,5.7,10.8,83.5,23.0,13.9,1008.9
2022-01-01,2022,1,Janeiro,Salvador,Nordeste,-12.97,-38.51,27.4,17.3,22.4,65.9,85.6,21.5,1005.7
2021-03-01,2021,3,Março,Cuiabá,Centro-Oeste,-15.6,-56.1,27.9,21.0,24.4,67.5,63.5,26.4,1008.8
2023-04-01,2023,4,Abril,Macapá,Norte,0.03,-51.07,27.1,20.2,23.6,80.5,253.1,30.1,1012.8
2023-06-01,2023,6,Junho,Natal,Nordeste,-5.79,-35.21,30.5,21.9,26.2,51.4,207.7,5.6,1011.8
2020-02-01,2020,2,Fevereiro,Manaus,Norte,-3.1,-60.02,28.0,20.9,24.4,87.7,206.9,20.7,1008.4
2024-05-01,2024,5,Maio,Belém,Norte,-1.45,-48.5,29.7,19.1,24.4,82.3,338.8,23.8,1016.0
2023-03-01,2023,3,Março,Brasília,Centro-Oeste,-15.78,-47.93,26.0,19.8,22.9,70.7,81.1,18.4,1009.7
2020-02-01,2020,2,Fevereiro,Florianópolis,Sul,-27.6,-48.55,18.2,10.9,14.6,82.8,135.7,20.1,1011.7
2024-04-01,2024,4,Abril,São Paulo,Sudeste,-23.55,-46.63,25.0,16.0,20.5,71.1,190.1,27.2,1024.0
2022-01-01,2022,1,Janeiro,Porto Alegre,Sul,-30.03,-51.23,19.5,10.4,15.0,85.7,100.9,19.8,1011.7
2024-03-01,2024,3,Março,Porto Alegre,Sul,-30.03,-51.23,12.0,4.9,8.4,80.6,90.1,21.7,1012.0
2021-10-01,2021,10,Outubro,São Luís,Nordeste,-2.53,-44.3,24.3,14.4,19.4,54.9,202.3,15.9,1017.1
2024-09-01,2024,9,Setembro,Vitória,Sudeste,-20.32,-40.34,20.4,11.8,16.1,82.9,103.0,21.6,1022.0
2020-04-01,2020,4,Abril,Brasília,Centro-Oeste,-15.78,-47.93,25.4,17.9,21.6,69.6,99.3,26.1,1027.2
2020-08-01,2020,8,Agosto,Curitiba,Sul,-25.43,-49.27,20.2,13.1,16.6,77.1,25.8,6.9,1015.2
2021-06-01,2021,6,Junho,Recife,Nordeste,-8.05,-34.88,30.0,20.4,25.2,54.6,215.3,25.5,1013.0
2024-01-01,2024,1,Janeiro,Natal,Nordeste,-5.79,-35.21,28.7,19.6,24.2,52.2,0.0,22.4,1011.0
2024-02-01,2024,2,Fevereiro,Brasília,Centro-Oeste,-15.78,-47.93,22.9,14.5,18.7,63.5,64.5,29.4,1011.8
2021-01-01,2021,1,Janeiro,Rio de Janeiro,Sudeste,-22.91,-43.17,23.3,12.6,18.0,67.9,69.5,18.5,1005.2
2022-04-01,2022,4,Abril,Natal,Nordeste,-5.79,-35.21,28.4,16.7,22.5,54.0,56.6,28.0,1011.7
2022-09-01,2022,9,Setembro,Natal,Nordeste,-5.79,-35.21,24.6,16.0,20.3,59.2,53.4,5.9,1012.5
2022-04-01,2022,4,Abril,Florianópolis,Sul,-27.6,-48.55,17.9,8.9,13.4,90.5,129.2,12.4,1014.3
2021-07-01,2021,7,Julho,Curitiba,Sul,-25.43,-49.27,14.6,3.0,8.8,97.1,17.8,17.3,1008.4
2021-04-01,2021,4,Abril,Campo Grande,Centro-Oeste,-20.44,-54.65,21.5,14.6,18.0,75.4,164.7,15.2,1021.0
2023-10-01,2023,10,Outubro,Natal,Nordeste,-5.79,-35.21,24.2,17.8,21.0,42.2,35.9,33.4,1007.1
2024-05-01,2024,5,Maio,Rio de Janeiro,Sudeste,-22.91,-43.17,24.8,17.2,21.0,71.5,140.4,19.6,1017.7
2021-05-01,2021,5,Maio,Teresina,Nordeste,-5.09,-42.8,31.3,22.2,26.8,52.4,175.2,33.4,1011.8
2021-10-01,2021,10,Outubro,Brasília,Centro-Oeste,-15.78,-47.93,21.3,13.6,17.4,72.0,116.4,6.7,1009.6
2023-02-01,2023,2,Fevereiro,Teresina,Nordeste,-5.09,-42.8,33.2,23.2,28.2,50.1,49.3,32.4,1012.1
2022-06-01,2022,6,Junho,Vitória,Sudeste,-20.32,-40.34,26.6,17.1,21.8,74.3,208.1,32.3,1005.6
2023-09-01,2023,9,Setembro,Maceió,Nordeste,-9.67,-35.74,23.3,12.4,17.8,66.8,161.0,17.2,1006.9
2023-04-01,2023,4,Abril,Belo Horizonte,Sudeste,-19.92,-43.94,22.9,11.7,17.3,68.2,239.1,22.1,1011.7
2020-01-01,2020,1,Janeiro,Teresina,Nordeste,-5.09,-42.8,28.5,17.9,23.2,42.8,3.0,33.4,1019.2
2022-05-01,2022,5,Maio,Goiânia,Centro-Oeste,-16.69,-49.26,24.6,18.4,21.5,72.2,184.4,10.4,1007.9
2021-10-01,2021,10,Outubro,Curitiba,Sul,-25.43,-49.27,22.0,12.7,17.4,93.8,116.4,29.3,1002.6
2020-05-01,2020,5,Maio,Maceió,Nordeste,-9.67,-35.74,31.9,23.5,27.7,63.8,161.0,28.8,1006.7
2022-12-01,2022,12,Dezembro,Belém,Norte,-1.45,-48.5,25.5,16.3,20.9,77.8,208.5,23.8,1018.2
2020-01-01,2020,1,Janeiro,Belo Horizonte,Sudeste,-19.92,-43.94,20.3,12.8,16.6,74.4,78.3,33.4,1014.4
2021-12-01,2021,12,Dezembro,Teresina,Nordeste,-5.09,-42.8,29.7,22.6,26.2,54.6,0.0,23.8,1011.6
2021-11-01,2021,11,Novembro,Goiânia,Centro-Oeste,-16.69,-49.26,22.3,14.1,18.2,72.5,94.5,34.4,1009.7
2021-12-01,2021,12,Dezembro,Cuiabá,Centro-Oeste,-15.6,-56.1,24.7,18.6,21.6,61.4,127.0,23.1,1018.0
2024-04-01,2024,4,Abril,Cuiabá,Centro-Oeste,-15.6,-56.1,29.6,19.2,24.4,69.6,154.5,15.1,1018.5
2021-07-01,2021,7,Julho,Belo Horizonte,Sudeste,-19.92,-43.94,19.7,11.3,15.5,71.4,143.1,27.8,1004.6
2022-03-01,2022,3,Março,Macapá,Norte,0.03,-51.07,28.2,20.7,24.4,86.0,246.8,6.4,1002.0
2022-09-01,2022,9,Setembro,Salvador,Nordeste,-12.97,-38.51,21.4,11.7,16.5,69.4,153.4,18.8,1011.7
2021-03-01,2021,3,Março,Campo Grande,Centro-Oeste,-20.44,-54.65,26.2,19.5,22.8,74.8,137.5,15.2,1012.7
2022-07-01,2022,7,Julho,Cuiabá,Centro-Oeste,-15.6,-56.1,23.4,14.7,19.0,60.9,143.9,10.0,1018.1
2023-02-01,2023,2,Fevereiro,Salvador,Nordeste,-12.97,-38.51,28.1,20.9,24.5,65.0,118.5,32.5,1011.4
2023-11-01,2023,11,Novembro,Goiânia,Centro-Oeste,-16.69,-49.26,20.3,11.8,16.0,69.9,83.0,9.1,1012.9
2020-12-01,2020,12,Dezembro,Curitiba,Sul,-25.43,-49.27,18.7,8.0,13.4,86.4,115.5,16.3,1018.6
2020-09-01,2020,9,Setembro,Belo Horizonte,Sudeste,-19.92,-43.94,20.2,10.1,15.2,77.1,125.4,6.3,1003.9
2023-07-01,2023,7,Julho,Natal,Nordeste,-5.79,-35.21,26.4,18.3,22.4,54.5,169.8,6.3,1014.6
2021-01-01,2021,1,Janeiro,Natal,Nordeste,-5.79,-35.21,27.9,15.9,21.9,61.0,14.8,9.8,1008.1
2020-01-01,2020,1,Janeiro,Rio de Janeiro,Sudeste,-22.91,-43.17,24.2,13.7,19.0,75.4,53.4,16.7,1008.4
2020-06-01,2020,6,Junho,Goiânia,Centro-Oeste,-16.69,-49.26,23.9,16.4,20.2,73.3,210.5,18.6,1004.3
2021-12-01,2021,12,Dezembro,Brasília,Centro-Oeste,-15.78,-47.93,21.5,10.8,16.2,74.2,35.0,16.8,1004.4
2023-03-01,2023,3,Março,Belém,Norte,-1.45,-48.5,29.1,20.8,25.0,81.2,247.9,33.5,1016.4
2022-01-01,2022,1,Janeiro,Campo Grande,Centro-Oeste,-20.44,-54.65,22.7,11.6,17.2,73.1,118.5,20.1,1005.0
2023-11-01,2023,11,Novembro,Salvador,Nordeste,-12.97,-38.51,22.5,12.6,17.6,61.4,96.5,11.7,1008.0
2021-11-01,2021,11,Novembro,Maceió,Nordeste,-9.67,-35.74,21.3,14.7,18.0,75.2,121.6,29.8,1014.8
2024-04-01,2024,4,Abril,Belo Horizonte,Sudeste,-19.92,-43.94,25.8,15.3,20.6,67.1,144.1,7.4,1014.5
2023-01-01,2023,1,Janeiro,Belo Horizonte,Sudeste,-19.92,-43.94,20.5,10.1,15.3,69.7,120.3,13.4,1006.4
2022-06-01,2022,6,Junho,São Paulo,Sudeste,-23.55,-46.63,19.7,11.9,15.8,70.7,247.2,32.8,1013.6
2024-12-01,2024,12,Dezembro,Goiânia,Centro-Oeste,-16.69,-49.26,22.9,13.0,18.0,78.1,85.0,24.1,1013.2
2021-09-01,2021,9,Setembro,Macapá,Norte,0.03,-51.07,23.4,12.4,17.9,90.4,279.8,8.4,1011.1
2021-03-01,2021,3,Março,Porto Velho,Norte,-8.76,-63.9,28.2,17.3,22.8,86.9,223.6,5.2,1007.9
2022-08-01,2022,8,Agosto,Belo Horizonte,Sudeste,-19.92,-43.94,17.0,8.5,12.8,69.0,174.5,14.6,1014.7
2023-05-01,2023,5,Maio,Manaus,Norte,-3.1,-60.02,29.0,22.5,25.8,86.2,329.7,33.4,1010.6
2024-10-01,2024,10,Outubro,Rio de Janeiro,Sudeste,-22.91,-43.17,21.3,13.2,17.2,77.7,113.4,21.6,1011.1
2024-03-01,2024,3,Março,Macapá,Norte,0.03,-51.07,31.0,24.6,27.8,77.8,274.0,31.5,1015.4
2021-07-01,2021,7,Julho,Salvador,Nordeste,-12.97,-38.51,23.5,14.6,19.0,63.7,213.2,25.8,1018.3
2024-01-01,2024,1,Janeiro,Fortaleza,Nordeste,-3.72,-38.54,28.3,19.0,23.6,58.9,60.7,7.3,1008.7
2024-11-01,2024,11,Novembro,Salvador,Nordeste,-12.97,-38.51,24.0,13.3,18.6,65.3,107.0,29.4,1015.3
2022-08-01,2022,8,Agosto,Salvador,Nordeste,-12.97,-38.51,21.5,9.5,15.5,60.1,198.0,23.5,1010.6
2024-05-01,2024,5,Maio,Teresina,Nordeste,-5.09,-42.8,33.7,24.4,29.0,48.0,129.0,31.6,1007.1
2021-11-01,2021,11,Novembro,Porto Alegre,Sul,-30.03,-51.23,23.6,12.3,18.0,84.8,106.2,33.8,1012.0
2020-07-01,2020,7,Julho,Vitória,Sudeste,-20.32,-40.34,24.8,17.6,21.2,80.8,120.3,30.3,1019.5
2023-12-01,2023,12,Dezembro,Natal,Nordeste,-5.79,-35.21,26.5,16.0,21.2,56.5,29.1,23.5,1005.7
2021-01-01,2021,1,Janeiro,Porto Alegre,Sul,-30.03,-51.23,16.7,7.0,11.8,89.3,134.2,23.8,1020.8
2023-05-01,2023,5,Maio,Maceió,Nordeste,-9.67,-35.74,29.9,19.8,24.8,75.4,216.1,13.0,1020.3
2020-05-01,2020,5,Maio,Belém,Norte,-1.45,-48.5,30.7,23.2,27.0,77.1,358.2,22.9,1016.9
2021-03-01,2021,3,Março,Manaus,Norte,-3.1,-60.02,29.6,17.7,23.6,79.2,273.0,27.8,1007.3
2023-05-01,2023,5,Maio,Porto Alegre,Sul,-30.03,-51.23,17.0,7.1,12.0,83.69999999999999,30.7,19.5,1010.3
2023-09-01,2023,9,Setembro,Belo Horizonte,Sudeste,-19.92,-43.94,18.9,11.6,15.2,67.9,133.9,30.7,1007.7
2021-01-01,2021,1,Janeiro,Maceió,Nordeste,-9.67,-35.74,26.9,18.2,22.5,66.8,103.7,12.2,1013.2
2021-08-01,2021,8,Agosto,Salvador,Nordeste,-12.97,-38.51,22.9,12.1,17.5,67.4,189.5,25.2,1012.1
2020-08-01,2020,8,Agosto,Macapá,Norte,0.03,-51.07,25.3,13.4,19.4,77.2,284.2,32.3,1009.3
2023-08-01,2023,8,Agosto,Goiânia,Centro-Oeste,-16.69,-49.26,20.2,10.7,15.4,71.5,123.8,13.4,1009.0
2023-01-01,2023,1,Janeiro,Macapá,Norte,0.03,-51.07,26.6,18.2,22.4,84.6,256.9,10.0,1028.4
2020-12-01,2020,12,Dezembro,Campo Grande,Centro-Oeste,-20.44,-54.65,24.1,15.9,20.0,77.4,72.5,27.2,1006.6
2024-09-01,2024,9,Setembro,Belo Horizonte,Sudeste,-19.92,-43.94,19.8,12.4,16.1,71.8,151.5,5.1,1011.0
2023-03-01,2023,3,Março,Cuiabá,Centro-Oeste,-15.6,-56.1,30.1,21.1,25.6,66.3,130.0,9.2,1018.6
2023-02-01,2023,2,Fevereiro,Recife,Nordeste,-8.05,-34.88,28.8,16.9,22.8,61.1,121.7,11.0,1016.5
2024-12-01,2024,12,Dezembro,Brasília,Centro-Oeste,-15.78,-47.93,23.7,16.4,20.0,74.2,86.8,15.4,1018.6
2024-08-01,2024,8,Agosto,Fortaleza,Nordeste,-3.72,-38.54,27.8,18.7,23.2,54.8,114.8,25.4,1010.9
2024-09-01,2024,9,Setembro,Rio de Janeiro,Sudeste,-22.91,-43.17,26.6,15.3,21.0,75.5,57.0,11.9,1011.5
2022-12-01,2022,12,Dezembro,São Luís,Nordeste,-2.53,-44.3,25.1,14.9,20.0,55.5,167.4,8.0,1013.7
2022-12-01,2022,12,Dezembro,Campo Grande,Centro-Oeste,-20.44,-54.65,23.7,12.1,17.9,72.7,149.1,32.4,1010.3
2022-06-01,2022,6,Junho,Fortaleza,Nordeste,-3.72,-38.54,26.9,18.0,24.65,57.5,58.9,32.2,1013.7
2022-12-01,2022,12,Dezembro,Rio de Janeiro,Sudeste,-22.91,-43.17,23.7,13.5,18.6,69.0,70.7,21.0,1005.0
2021-10-01,2021,10,Outubro,Macapá,Norte,0.03,-51.07,24.5,16.7,20.6,83.5,185.8,14.0,1016.9
2023-06-01,2023,6,Junho,Porto Velho,Norte,-8.76,-63.9,26.7,16.6,21.6,85.2,224.0,30.2,1011.0
2020-10-01,2020,10,Outubro,Goiânia,Centro-Oeste,-16.69,-49.26,22.5,15.2,18.8,67.2,88.4,26.5,1011.2
2023-06-01,2023,6,Junho,Salvador,Nordeste,-12.97,-38.51,25.9,16.4,21.2,67.5,202.2,28.4,1009.2
2023-07-01,2023,7,Julho,Brasília,Centro-Oeste,-15.78,-47.93,21.7,14.2,18.0,64.8,139.6,31.5,1017.4
2024-02-01,2024,2,Fevereiro,Vitória,Sudeste,-20.32,-40.34,24.9,13.8,19.4,83.94999999999999,71.85,5.5,1021.6
2022-02-01,2022,2,Fevereiro,Teresina,Nordeste,-5.09,-42.8,33.7,23.2,28.4,51.5,0.0,28.9,1014.8
2020-02-01,2020,2,Fevereiro,Belo Horizonte,Sudeste,-19.92,-43.94,23.6,13.2,18.4,60.6,71.4,24.9,1012.4
2020-06-01,2020,6,Junho,Belo Horizonte,Sudeste,-19.92,-43.94,22.2,10.5,17.65,74.5,189.7,16.8,1011.9
2022-01-01,2022,1,Janeiro,Vitória,Sudeste,-20.32,-40.34,24.3,12.5,18.4,73.9,108.7,28.3,1016.4
2022-02-01,2022,2,Fevereiro,Macapá,Norte,0.03,-51.07,28.4,21.8,25.1,77.0,226.3,24.6,1001.0
2022-11-01,2022,11,Novembro,Manaus,Norte,-3.1,-60.02,25.8,19.4,22.6,81.9,231.5,5.7,1010.7
2024-08-01,2024,8,Agosto,Goiânia,Centro-Oeste,-16.69,-49.26,24.5,16.7,20.6,63.6,140.1,14.4,1010.8
2022-05-01,2022,5,Maio,Maceió,Nordeste,-9.67,-35.74,29.3,18.1,23.7,62.6,181.2,18.8,1017.8
2023-05-01,2023,5,Maio,Florianópolis,Sul,-27.6,-48.55,14.7,5.7,10.2,84.6,47.2,15.4,1002.9
2022-08-01,2022,8,Agosto,Belém,Norte,-1.45,-48.5,24.7,13.2,19.0,78.8,266.4,21.3,1011.9
2024-10-01,2024,10,Outubro,Cuiabá,Centro-Oeste,-15.6,-56.1,24.3,12.9,18.6,67.5,116.4,5.6,1003.7
2022-01-01,2022,1,Janeiro,Teresina,Nordeste,-5.09,-42.8,31.2,21.9,26.6,50.8,2.3,30.3,1007.3
2024-09-01,2024,9,Setembro,Goiânia,Centro-Oeste,-16.69,-49.26,22.8,13.6,18.2,72.6,105.4,27.1,1010.8
2020-02-01,2020,2,Fevereiro,Fortaleza,Nordeste,-3.72,-38.54,31.0,20.2,25.6,61.5,74.2,8.8,1012.2
2021-02-01,2021,2,Fevereiro,Manaus,Norte,-3.1,-60.02,25.9,18.2,22.0,84.9,227.1,20.1,1010.8
2021-04-01,2021,4,Abril,Recife,Nordeste,-8.05,-34.88,29.7,21.0,25.4,53.7,193.7,24.2,1014.3
2020-01-01,2020,1,Janeiro,Natal,Nordeste,-5.79,-35.21,26.9,16.1,21.5,57.1,60.9,26.0,1022.2
2022-04-01,2022,4,Abril,Salvador,Nordeste,-12.97,-38.51,27.5,16.3,21.9,65.3,160.8,25.3,1010.5
2023-11-01,2023,11,Novembro,Porto Velho,Norte,-8.76,-63.9,22.8,14.2,18.5,70.2,192.3,12.2,1013.7
2020-01-01,2020,1,Janeiro,Cuiabá,Centro-Oeste,-15.6,-56.1,25.0,13.0,19.0,69.3,86.0,29.8,1017.9
2021-09-01,2021,9,Setembro,Manaus,Norte,-3.1,-60.02,27.1,17.2,22.2,80.9,262.7,22.0,1017.7
2023-11-01,2023,11,Novembro,Natal,Nordeste,-5.79,-35.21,27.9,16.7,22.3,54.5,89.6,8.8,1018.6
2021-03-01,2021,3,Março,Porto Alegre,Sul,-30.03,-51.23,15.7,4.9,10.3,71.9,26.9,13.8,1009.6
2024-04-01,2024,4,Abril,Campo Grande,Centro-Oeste,-20.44,-54.65,28.0,21.9,25.0,75.7,154.1,25.2,1010.9
2020-08-01,2020,8,Agosto,Florianópolis,Sul,-27.6,-48.55,21.6,10.3,16.0,85.9,138.1,31.9,1003.1
2021-11-01,2021,11,Novembro,Teresina,Nordeste,-5.09,-42.8,26.2,17.8,22.0,50.0,51.2,29.1,1009.7
2022-03-01,2022,3,Março,Florianópolis,Sul,-27.6,-48.55,15.4,8.4,11.9,88.7,86.8,18.7,1018.2
2022-03-01,2022,3,Março,Brasília,Centro-Oeste,-15.78,-47.93,25.2,18.3,21.8,59.2,128.8,26.4,1007.0
2024-10-01,2024,10,Outubro,São Paulo,Sudeste,-23.55,-46.63,16.5,4.6,10.6,81.1,191.5,20.9,1006.3
2020-10-01,2020,10,Outubro,Macapá,Norte,0.03,-51.07,24.6,17.7,21.2,89.3,263.5,14.5,1016.3
2021-04-01,2021,4,Abril,Rio de Janeiro,Sudeste,-22.91,-43.17,25.5,15.3,22.0,82.2,94.8,11.4,1011.5
2023-04-01,2023,4,Abril,Brasília,Centro-Oeste,-15.78,-47.93,24.9,15.6,20.2,69.8,158.0,9.2,1014.2
2022-07-01,2022,7,Julho,Maceió,Nordeste,-9.67,-35.74,24.1,14.8,19.5,61.2,191.0,22.5,1011.4
2020-03-01,2020,3,Março,Vitória,Sudeste,-20.32,-40.34,24.3,17.2,20.8,78.2,108.6,33.2,1016.7
2024-07-01,2024,7,Julho,São Luís,Nordeste,-2.53,-44.3,26.9,18.7,22.8,55.1,201.3,33.6,1014.7
2021-05-01,2021,5,Maio,Cuiabá,Centro-Oeste,-15.6,-56.1,28.4,16.5,22.4,69.5,181.7,18.4,1010.1
2022-04-01,2022,4,Abril,Goiânia,Centro-Oeste,-16.69,-49.26,27.8,18.2,23.0,61.7,196.5,6.9,1012.6
2021-01-01,2021,1,Janeiro,Fortaleza,Nordeste,-3.72,-38.54,28.2,18.8,23.5,48.4,33.2,31.9,1018.6
2021-10-01,2021,10,Outubro,Manaus,Norte,-3.1,-60.02,24.9,13.5,19.2,86.7,260.3,20.1,1015.7
2023-04-01,2023,4,Abril,São Luís,Nordeste,-2.53,-44.3,31.6,20.4,26.0,62.6,231.5,6.2,1010.8
2023-09-01,2023,9,Setembro,Porto Alegre,Sul,-30.03,-51.23,24.4,17.2,20.8,82.8,59.5,23.4,1015.7
2023-01-01,2023,1,Janeiro,Fortaleza,Nordeste,-3.72,-38.54,29.0,21.8,25.4,48.6,11.1,23.2,1013.2
2024-08-01,2024,8,Agosto,São Paulo,Sudeste,-23.55,-46.63,16.8,5.7,11.2,75.1,161.2,6.4,1011.8
2021-04-01,2021,4,Abril,Curitiba,Sul,-25.43,-49.27,13.4,1.5,7.4,84.1,118.1,12.1,1014.7
2022-02-01,2022,2,Fevereiro,Salvador,Nordeste,-12.97,-38.51,27.5,21.0,24.2,71.7,104.7,8.4,1013.0
2022-02-01,2022,2,Fevereiro,Campo Grande,Centro-Oeste,-20.44,-54.65,25.1,19.0,22.0,70.2,129.2,31.2,1002.0
2023-08-01,2023,8,Agosto,Recife,Nordeste,-8.05,-34.88,25.9,19.3,22.6,56.8,133.3,31.9,1015.2
2024-02-01,2024,2,Fevereiro,Goiânia,Centro-Oeste,-16.69,-49.26,25.1,14.0,19.6,75.0,89.0,12.9,1000.0
2020-11-01,2020,11,Novembro,Porto Velho,Norte,-8.76,-63.9,26.0,18.8,22.4,74.8,183.3,18.3,1009.7
2022-08-01,2022,8,Agosto,Cuiabá,Centro-Oeste,-15.6,-56.1,25.5,16.1,20.8,68.7,146.4,12.0,1019.7
2023-08-01,2023,8,Agosto,Vitória,Sudeste,-20.32,-40.34,24.3,13.6,19.0,73.1,121.8,11.8,1010.7
2022-04-01,2022,4,Abril,Belém,Norte,-1.45,-48.5,32.0,24.9,28.4,85.1,301.3,16.5,1017.0
2022-07-01,2022,7,Julho,Recife,Nordeste,-8.05,-34.88,28.8,18.2,23.5,67.6,251.7,33.1,1013.6
2023-03-01,2023,3,Março,Curitiba,Sul,-25.43,-49.27,11.4,4.2,7.8,86.9,73.4,9.1,1007.7
2023-11-01,2023,11,Novembro,São Luís,Nordeste,-2.53,-44.3,26.2,15.0,20.6,68.4,167.0,15.4,1011.4
2020-02-01,2020,2,Fevereiro,Porto Velho,Norte,-8.76,-63.9,27.8,20.6,24.2,80.6,178.9,5.9,1014.1
2022-01-01,2022,1,Janeiro,Belo Horizonte,Sudeste,-19.92,-43.94,22.7,12.6,17.6,73.0,121.6,30.8,1023.1
2021-04-01,2021,4,Abril,Vitória,Sudeste,-20.32,-40.34,28.8,19.2,24.0,71.5,160.1,25.1,1013.5
2024-03-01,2024,3,Março,Vitória,Sudeste,-20.32,-40.34,25.9,16.0,21.0,72.4,115.8,9.5,1011.3
2022-11-01,2022,11,Novembro,Florianópolis,Sul,-27.6,-48.55,24.0,15.3,19.6,77.2,147.5,20.7,1018.8
2021-09-01,2021,9,Setembro,Cuiabá,Centro-Oeste,-15.6,-56.1,28.3,21.7,25.0,61.5,148.9,10.4,1013.3
2023-11-01,2023,11,Novembro,Vitória,Sudeste,-20.32,-40.34,22.5,15.2,18.8,74.3,55.8,11.8,1012.2
